0	1
取材していただきましたー。ありがとうございます	0
疲れたよい	0
色々考えた結果、「要件定義をしよう」という発想自体がアカンのではと思えてきたやはり時代は、『納品のない受託開発』なのか	0
星野源さんの 、かっこよすぎ一生聴いてられる	0
昨日有給取ったから、今日が日曜の気分だ。さて、月仕事ばっかでたまっていたアレコレ、片づけていく。	0
レビュー増えたとで作るアプリケーション	0
は読み方が難しいので辛いだけでは	0
破壊的に眠い	0
まだエイプリルフールで消耗してるの	0
誰か私に美味しいお刺身とビールを杯おごってください	0
の自分宛てに貼ってた、後で読むぞ的ページをひたすら消化している	0
年度末のあれこれ一段落…深夜ラジオに潜るぞ	0
疲れたあと少しで年度末のゴタゴタが終わる早く終えて温泉でも行きたい草津温泉行こうそうしよう	0
桜庭と秋山のヌルヌル事件について調べてたら電車乗り過ごした	0
すごい、反応すごい	0
なお、バリバリ使ってる方でなくて大丈夫です。人に見てもらうだけでとてもありがたいです。	0
本に掲載される、コードのレビューに興味ある方いますメリットとしては、本の最後に名前ツイッターアカウント名が乗るだけなんですが	0
どうしたーアプデ後落ちまくるぞー	0
出張ついでに、新潟のジュンク堂に寄ったら発見。	0
深夜ラジオだけが、救い。	0
読者人突破してるやん	0
これから始める人増えている感。あこんなところに、いい本が〜	0
湘南新宿ラインのグリーン車、コスパ良すぎるのでは	0
京大に置かれた	0
まじすか	0
とにもかくにも出張出張	0
『しくみがわかる』読んだこれから勉強するなら、この本から入るのが良さげ	0
とやら、くらい完全に理解した	0
、テンプレートにという文字含まれるとうまく機能しない	0
「喜」という漢字は、「十」・「豆」・「口」と書きます。大人になるまで生きるだけでも大変だったその昔、我が子が節分の日に個の豆を食べられた、つまり才まで生きられたことをよろこんだことから生まれた漢字です。嘘です。そんな由来だったらいいなと昨日考えてました。	0
単体テストレベルのテストはもちろんコード化するとして、結合テストレベルのテストの仕様書は皆さんどうやって管理してるんですか形式で管理が今っぽいそしてテスト結果はどうしてます	0
のパイプに救われた二日間でした	0
昨日の資料ですが、ちょっと荒いので非公開にしちゃいましたー。	0
嬉し過ぎるのですが…最近サボってますがちゃんと記事更新します笑	0
相変わらずいい会でした	0
えっ	0
「とで作るアプリケーション」冊持ってきました	0
極める	0
たのし	0
読者人に人いったらお祝いしよ	0
気づいたら「とで作るアプリケーション」が沖縄に進出してたこれで北海道から沖縄までやったー本	0
今年は皆様大変お世話になりました。個人的に年は年のような年でした。年はもう少し頑張って年のようになるよう頑張ります。	0
紅白にて、星野源さん「そろそろ紅白も、紅組·白組じゃない混合チームとかになれば」ガキ使にて、乙武さん「障がい者がそれをネタに笑いを取ることへの壁をこえたい」なんか変わりそうだね	0
ベイズ推論による機械学習入門、読んでる。フワッと理解していたところをこの年末でキッチリつめたい	0
数学ガール読んでる高校の時読みたかったよね	0
年末追い込みすぎたので、今日はひたすらダラダラとりあえず夕方まで寝て、起きてすぐ着替えてお酒飲みにきたもう疲れ取れたな	0
今年もなんとか走り切りました。	0
よいしょっと。	0
世界の首都の位置座標データをに関連させてみよう	0
素晴らしいそして参加者増えた頑張って抜けてるところ埋めよう。	0
本 の感想いただいた嬉しい	0
人目の参加者が…おぉ嬉しい。	0
パッケージ知らなかった。使ってみよう。	0
月のの申し込んだ。タイトル先行で、どんな内容にするかは未定。	0
後半どなたか参加されないですかねー	0
一年半ぶりくらいに風邪ひいたかも	0
のアドベントカレンダー、本日私担当なのですが、少々お待ちを。たぶん夜遅くになります。	0
お母さん僕やったよ一位だよ	0
「とで作るアプリケーション」は位	0
少し遅れましたが、  アドベントカレンダー日目ですよろしくどうぞー。	0
アドベントカレンダー三日目。  さんありがとうございます上にチュートリアルを表示する方法についてです是非読んでみてくださいー。そして、参加者募集中ですー。	0
そうなんですそうなんですそうなんですそうなんですそうなんですそうなんですそうなんです	0
、の話あったのか。行きたかった	0
やがここ最近、合わせたかのように出張と被るな笑後でスライド資料読ませていただこう	0
さて、記事書いたし出張準備しなくては…。	0
はてなブログに投稿しました    初日です『とで作るアプリケーション』という書籍を執筆しました  世界一やさしいデータ分析教室	0
我が第二の故郷こと、溝の口の文教堂にて「とで作るアプリケーション」発見。何度利用したか分からないぐらい通ってる本屋なので嬉しい。田園都市線の方はこちらで本もちろんアマゾンでも。…	0
で土岐麻子さんの曲を鬼リピートしてるしかし聞く度にアルコピースのラジオにゲスト出演したときのこと思い出して笑いそうになるあれは神回だったな笑個人的には年のラジオで今のところ	0
おぉマジですかこれが実店舗販売開始の威力か･･･。ランキングは着実に少しずつ低下しているが。本	0
を作りました  ああーー今年も作ってしまったー。どうして作ってしまったのだろう。もし参加者少なければ、前年同様僕が埋めるしか	0
日目に参加しました  しゃい	0
の記述はやはり不安になるなーこれで本当に更新してくれてるのかなとソワソワする	0
最高。むちゃくちゃやってるように見えて構成しっかりしてるのがもうたまらん。あー元気でる	0
知り合いに送ってもらいましたー静岡駅の戸田書店にて、「とで作るアプリケーション」発見でも実店舗でも。よろしくどうぞー。本	0
またランキング、番台に上がってきた皆様本当に、本当にありがとうございます。	0
やば、もうアドベントの季節か。完全に乗り遅れた去年のカレンダー作ってやってみたけど記事を担当した今年はどうしようかせっかくなので今年もやりたいが、今からだと参加者去年より少ないかもだから、記事書くこ…	0
あー 池袋のジュンク堂に、日本初の に関する書籍、「とで作るアプリケーション」通称本があったぞー これはみんな買いにダッシュしないとー 本…	0
どうぞどうぞどうぞ。	0
寒い眠いスマホ買い換えたいお腹すいた疲れた漫画喫茶行きたい温泉入りたい新しいパーカー買いたいお酒飲みたいハンターハンター読みたい深夜ラジオに浸かりたい福岡行きたいプールで泳ぎたい本売れてほしいライブ行きたい早く観たい	0
本を出したことで、小中高計年間一緒だった友達と久しぶりに連絡とれた時間に及ぶ長電話すいません笑そして今後ともよろしくやる気出ちゃいましたわお楽しみに	0
明日の準決勝で、マヂカルラブリー、トム・ブラウン、金属バットが勝ち上がりテレビで爆笑をとった日にゃお笑い界が少し変わりまっせできればここにランジャタイもいて欲しかった	0
金属バットという漫才師が面白すぎてずっと観てる	0
本ありがとうございます指折りですって皆さん。もでてますよー皆さん。是非ご購入をー。	0
演説する鈴木宗男氏見れたので、満喫しました	0
また電車止まってしまった	0
空港にて荷物間違われ事案が勃発しているこのままだとスーツが無いので、明日の結婚式はトレーナーで参加します。	0
明日は初めて有給休暇取るのでワクワクしてる	0
好評なんですー。よろしくどうぞです。	0
気付けば発売してましたプログラミング本でランキング位ぐらいにいます。みなさんありがとうございます 本	0
おぉぉおぉおおお	0
どうぞどうぞどうぞ。	0
月の参加できないが、献本だけしたいな誰かに託すか	0
そうなんです･･･。修正に時間かかりまして･･･。ただその分良いものに仕上がったと思いますサンプルコードも沢山です	0
すいません修正作業に時間かかってしまいまして･･･。	0
あと週間で仕事のピークが一旦終わるから、終わったときの楽しみ考えてたけどだんだん、本当にこれだけのタスクが週間で終わるのかと、怖くなってきた･･･。ただそれをきちんと終わらすのが僕。凄い僕。やったる。強制的に鼓舞するスタイル	0
二子玉川に住む奥様は、「ニコタマダム」と呼ばれるらしい。ならば、自由が丘に住む奥様は、「自由がオカン」ですね。	0
頑張るよ負けないよ	0
たしかに笑	0
の解説を分かりやすく書いてみたい	0
流石のクオリティ過ぎて感動同僚にも紹介しなくては マンガでわかる	0
位ぃぃぃぃぃぃぃぃぃぃぃぃまたすぐ下がってしまうと思うので、記念にスクショぱしゃり。本	0
私も付録にて登場してます。良い本でっせ。セイチョウジャーニー	0
自分の作業効率が悪すぎて秒くらい落ち込んでたあっもう切り替えたので大丈夫っす	0
おーここが最近噂の技術書典か。ちょっと入ってみよう。カランコロンカラン。	0
当アカウントと同じフリー素材使っている方がいらっしゃるのか笑	0
本ランキング行ったり来たり。三日前は書籍全体で位ぐらい技術書系の中では位ぐらいまで上がったけど、今日は位ぐらい。冊とかでも大きく上下するんでしょうな。	0
寝過ぎたよしやるよい	0
さっきまで、台風の「た」の字も無い様子だったのに気付けば「ふ」の字くらいまで外が慌ただしい	0
夜中に急に胃痛が襲ってきた･･･。うーしんどい。	0
ちょい仕事するです祝日はありがたいが、ありがたくなかったりして	0
申し訳ございません。現在は電子書籍の発売予定はございません。ただ、ニーズがありそうということで、出版社にお話してみますねまずはご興味持っていただけただけでもありがとうございます。電子書籍発売になったら連絡させていただきます…	0
昨日宣伝した影響か、ランキング上昇した皆さまありがとうございます。本	0
やったるねんわい、やったるねん	0
本まずはこっそり宣伝…。予約をお願いします。これからしばらく宣伝アカみたいになるかもですが…。	0
そろそろ本格的に宣伝していき	0
どうか無事で	0
ひたすら、眠い	0
いちから書き直すことにする	0
朝まで作業してたが終わりが見えないので一旦仮眠するうーん辛い	0
実家へ	0
気付いたら月万超えてたサイト開設当初、目標にしていたことの一つ。	0
最高っす。	0
最近、サイト全く更新してないから「そろそろアクセス落ちそうだなー」とか思うけど、がアルゴリズム更新する度に検索順位上がって、結果順調に伸びてるアルゴリズム更新時に順位が上がるのは、まあ質が良いからこそなんですけどね自分で言うか	0
星野源のアイデア解禁と同時に聴いたはい天才天才過ぎて泣ける	0
提出だん	0
一つ 消化した。次は明日の社内プレゼン資料作成。	0
あとちょっと。あとちょっとで終わり。もう少しだけ頑張る	0
執筆作業午後の部スタートじゃい	0
メモ用に使っている自分宛ての 遡っていたらに、「りゃりたい」という謎メッセージが残さていた。その当時の環境とか、考えていたこととかを頼りに分ぐらい悩んで解読した結果、「りゃりたい」→「」→「や…	0
まだ寝ない	0
現在すぐ変わりそうだけど、私のサイトが・「」で検索順位位・「」で検索順位位・「 ランダムフォレスト」で検索順位位・「」で検索…	0
人の書いたコード直すのと、人の書いた文章直すのは大体頭の働き一緒ですね	0
の記事のヘッダーやフッターを除いて本文部分のみをに出力してくれる 拡張とか誰か作ってたりしないですかねお客さんとかにもさらっと共有できるようにそれか実は知らないだけでデフォルトであったりして無ければ作る。	0
年に口座で買った株いくつか、もう年経つから売る準備しないとか。早いな	0
システム納品のための出張が無事終わったちゃんと動いてくれてなによりだーこれで後回しにしていた、あれこれ進められる	0
眠いがもうひと踏ん張り。	0
でコードごりごり書いてたら急に動作停止したので、苛つきながらしょうがなく再起動させたら、『 に満足していますかアンケートにご協力を･･･』みたいなポップアップ出てきたので「いや絶対今じゃねーだろ」というお気持ち。	0
ウォシュレットの温水にいらつくほど暑い	0
自分のアイコンもあった結構嬉しい。	0
今回行けなかったけど実況見ている感じ、神とされている方以外の発表者や参加者も普段参考にしている方々ばかりで、神々の集い感ある	0
今日観たマヂカルラブリーさんの吉本幻影旅団。前半のショートコントが面白すぎて呼吸できなくなるぐらい笑ってた。今も思い出してニヤニヤしてる。	0
ライブの合間に記事更新作業。	0
ハイパーマヂカルラブリー状態になりましたマシュマロ投げすぎて少し肩痛いです	0
てぃーびーさん実在するのか。バイオ液に脳みそが浮かんだ状態かとずっと思ってた。	0
ウォーターフォール良くない。世界からウォーターフォールに関する概念を全消去して再起動してほしい。	0
ひさしぶりに執筆作業。感覚鈍ってる。	0
やはりを仕込むシステム開発はアジャイルじゃないと難しい。実現させたいことがふわっとしていて、無理に要件定義しても結局無駄になることが多い。	0
二日連続で表参道に来ている。こう書くと何やらおしゃれ感が漂うけど、体がボロボロなんで諸々の治療をしに来ているだけです。	0
紹介してくれている。ありがとうございます。	0
あ、ごめん。小粋なビートが聞こえてきたからちょっと踊ってくるね。	0
久しぶりにゆっくり土曜の朝を過ごせている仕事以外の溜まっていたタスクを一つずつ消化していく	0
落ちてる	0
自分と全く同じようなことしていて笑った。もしよろしければこいつらも一緒に読んでやってください。	0
ねむみやばみ。	0
に倍速機能が付いたら本当に嬉しいのだが。	0
腹痛で朝時に目が覚め、トイレにしばらくこもった後、お腹を暖めるため布団に入っていたらこんな時間に。回復してきたので、お勉強開始。	0
はてなブログに投稿しました はてなブログ【小技】グラフや画像をダブルクリックすると情報が取得できる、の紹介  これで無理なら諦めて世界一やさしいデータ分析教室	0
そういえば今月のブログアクセス数、自己最多かも。今月何も更新してないけど笑	0
忙しいという字は心を挟むと書くのす	0
服装に迷うランキング 年春の部にて、本日が第一位にランクインしました。	0
森山直太朗さんの「運命の人」販売されてるのももちろん良いけど、やはりオークラさんの結婚祝いに即興で披露したバージョンの方が好き。	0
うーん…可視化可視化可視化	0
ダイアンとオードリーの絡みを早くみたい。	0
温泉いって酒飲んで早めに寝たい	0
家と会社と漫画喫茶を往復する毎日です。	0
今日は早めに仕事切り上げたので、帰ってアプリ作らせていただき。	0
もう埋まってるやんまあ前回したし今回は欠席にしておこう皆さんが資料あげてくださるのを願って･･･。	0
触る良い練習になるような、データないかしら	0
本日はリモート勤務。快適快適。	0
の全メソッドをいい感じに仕分けしている。改めていい勉強になるな	0
マヂカルラブリー単独、何のネタやったんだろう気になるー	0
うすうす気付いていたが、柏餅が一番好きな食べ物かも	0
アナリティクスインテリジェンス、割と有能でもうこれでいいのでは感。これからどんどん優秀になってくると思うので、楽しみだ。	0
旅行いきた	0
実家に帰らせていただきます	0
定期的にこの記事はプチバズってくれるなー。ありがたい。	0
末納品のお仕事ひと段落ついて、気持ちよく入れた。ずっと滞っていたサイト更新と、買って読まずに放置していた本たちを片付けていくぞ。	0
電子版買わせていただき。購入後早速読ませていただき。さすがのクオリティで勉強させていただき。 マンガでわかる	0
三茶の赤鬼、今年は既に解禁されたんですかね	0
別にの初日にツイートすることではないですが、私は日本酒が好きです。	0
はあなたが思ってるほど遅くないです	0
暑すぎる服装ミスった	0
最寄り駅にて、 さんぽい人を見かけたがたぶん気のせいかな	0
皆、いろいろ苦労しながらデータ解析している自分も頑張らんと	0
いいですか、人生は仕事です。	0
安定の楽しさ。人の優しさ。あざまっす	0
面白い	0
会場暑いっすな	0
のスライド作るぞー	0
リファクタリングとは的な本読んでる楽しいー。	0
テストコード書くの嫌いじゃない	0
、すでにでされる方がいらっしゃるうーん私はどうしましょう	0
メルカリのデータ使ってごちゃごちゃ分析してみたい	0
レイバン･･･	0
もろもろの記事が検索順位伸ばしてきている。特に記事。記事はほどほどだけど…笑。特に上位なのでいうと「」で位「」で位「」で位「 ランダムフォレスト」で位なるほど。	0
今週も最後ですって。いいかい自分、良い週末に繋げてやるんだよ。	0
昼休み使って読んでる	0
のなにしようかしら	0
そろそろ記事書かんとね	0
見方分からへんやんか笑	0
しーぷらぷらぷらぷらぷらやっていき	0
月も頑張ります。だから皆様よろしくです。	0
しーぷらぷらってひらがなで書くとめちゃくちゃ可愛いな	0
、しようかな	0
おーーそうですか･･･。オンバト出るとき、いつも楽しみだったなー。スーパーボールって中学の時よく友達と真似してた笑	0
少しだけですがレビューさせてもらった関係で献本いただきましたこちらを読むことで私が学んだ時間の分のぐらいのスピードで成長できるであろう読者の方々と、そんな素晴らしい本を書ける湊川さんに少しだけ嫉妬します笑そのぐらいお…	0
二日に一度は整体にいきたい	0
今週をきっちり乗り越えるんやでー	0
今日を乗り越えるでー	0
さわってる時間まじで楽しい。まじで。	0
三四郎、来年のオールナイトニッポン継続かなもしくは昇格	0
税金さんを告ってきた	0
という会計ソフト、だいぶバグっている気がするお金無駄にした	0
愛用していたサンマルクカフェから電源が無くなって悲しいお気持ち	0
へー無料なのかなだったらこれで確かに十分	0
「 」でやっと検索順位位まできた	0
はてなブログに投稿しました はてなブログ・・など、のユニバーサル関数について整理してみた  これで無理なら諦めて世界一やさしいデータ分析教室	0
もしかすると年後お笑い界のトップに立っているのはふかわりょうさんなのかもしれない…	0
理論・実装力共に足りないぞー。ピンチだぞーー。だがこれを糧に一回り成長するぞーーー。	0
オードリーのオールナイトニッポン聴きながら出勤ふかわりょうさんやっぱり面白い	0
をからではなく、コードから直接呼ぶにはどうすりゃいいんだ	0
流石のクオリティだ	0
案件です	0
今回行けないが、気になるセッションと多い後で資料確認しよう	0
時間が溶けるもう木曜日かいそして明日は金曜日かい	0
一ヶ月ほど禁酒してみようかしら	0
のいかれた聴いてて、「あー最高ー。このままキリンジのエイリアンズでも聴けたら更に最高だなー」と思っていら丁度シャッフル再生でそれが流れて、何だかもう生きててよかったっす	0
カ月に度くらい呟いている気がするが、とにかく勉強しなきゃいけないことが多いなので頑張る所存でございます。	0
炊飯器にスマホを水没させたとても悲しいです私	0
来週届く。それまでにどうにか区切りの良いところまで読破するぞ。隼時系列本	0
久々の記事更新です。細々続けていきますよろしくどうぞーー	0
光栄すぎて死にそう	0
そろそろ記事公開する	0
カイゼンジャーニー読んだ	0
ついにに手を出している頑張ります	0
でパネルデータ分析できるのか、軽量やってた身からすると嬉しい	0
読者人突破しました。いつも皆様、どうもありがとうございます。今後ともどうぞあ どうぞよろしくお願いいたします。	0
はてなブログに投稿しました はてなブログ【で】と乃木坂の歌詞を分析して「人生とは何か」質問してみた  これで無理なら諦めて世界一やさしいデータ分析教室	0
本日もどうぞあ どうぞよろしくお願いいたします。	0
非日常な日常がスタート	0
ガウス過程について勉強していき	0
鍋と日本酒で一人家飲み幸せな夜です	0
の対応よ一日でも早く	0
ねむみ×	0
による実践編を公開しました。でマジ卍の意味を探れるのかデータを使って分析してます。	0
と入力しているとき、電車の「ガタンゴトン」みたいに「スタンスタン スタンスタン」って一人で喋っている自分がいて怖くなった	0
のって一週間しか遡れないのか結構キツイな	0
プール行ってきたストレスバチボコ発散した	0
異常検知のお勉強	0
今週も終わりましたなあれ、終わったよねうん、終わった	0
忙しいという字は、心を挟むと書くのす	0
草津いきたい月も行ったけど	0
気付けば今月万いってた。あざますあざます。	0
で本を出したい。で本を出したい。で本を出したい。で本を出したい。で本を出したい。で本を出したい。で本を出したい。で本を出したい。で本を出した…	0
位	0
ブクマ到達しました。あざますあざます。今日の勉強会のおかげかしら	0
ゲットだ	0
番目に発表するの内容です。「 本ノックの進捗」	0
私もです。	0
の会場、前住んでたところに近い懐かしい	0
ブログ開設当初に目標だった、三桁ブクマ到達できたうれしい	0
今回はについて。できる限り簡潔に、そして直感的に理解できるよう書きました。 の仕組みを恐らく日本一簡潔にてみたつもり	0
うぉぉ。星野源さん新曲かこれでまた生きていける	0
の仕組みをできるだけ簡潔に書きたい衝動	0
最近寒いので、で計算負荷かけまくって熱くなったで暖とってる	0
について勉強してるなかなか大変ね	0
プロレスしている人を、プロレスできない人が一方的に批判する時代。批判された側はプロレスでうまく受け流す。批判した人はしてやったり。このままいくと本当につまらない時代になりそう。	0
竹原ピストルさんの、ふうせんガムが染みる	0
との説明は、これが一番分かりやすいのではと自画自賛してる	0
上級解析士の資格持ってても、 アナリティクスのセグメントの使い方ろくに分かっていない人を何人か見てきている。なのでその資格を持っているだけでは全然信用できない。	0
スープ作ってたけど、のタイマー機能に安心してちょっと目離した隙に盛大に煮こぼれして、床がベトベトに･･･。酒飲むつもり無かったけど、このショックは飲むしかない。	0
勉強して記事にしよう	0
チャドマレーンさんの、「世にも奇妙なニッポンのお笑い」読んだ全くもってオワコンじゃないよね	0
そろそろ仕事納めたい	0
竹原ピストルきたーー	0
昼から酒を飲んだっていいじゃない年末だもの	0
今年の紅白、野呂佳代さんはいつ出ますか	0
シェルプログラミングを勉強している	0
年末年始でブログのデザイン変更する	0
ビトたけしさんの浅草キッドに泣きそうになってしまった笑名曲だ	0
ラーメンズね	0
ギリギリギリギリジンジン～ギリギリギリジンジンジン～	0
仕事納めった温泉いって酒飲んでドキュメンタル観て、ちょっと遅めに寝る	0
確定申告とか住民税とか、給与じゃなくて報酬の場合とか･･･こんなに頭良い自分がよく分かっていないということは、制度が悪いか説明が悪いんだということにしてストレスを緩和している	0
チャリティーミュージックソン全部聴き終わった	0
今月突破だーー。やったーー	0
ニューヨーク面白い	0
ふぃーやり切ったぞ	0
はてなブログに投稿しました はてなブログ   を終えての所感  これで無理なら諦めて世界一やさしいデータ分析教室	0
ミュージックソンそろそろーたのしみー	0
の日目です 集として今までの記事をました。本日もよろしくどうそっす本ノックユーザーのための集  これで無理なら…	0
ドキュメンタルのダイアン西澤さんが面白すぎる	0
はてなブログに投稿しました はてなブログで高速化処理との実行速度を比較してみた。  これで無理なら諦めて世界一やさしいデータ分析教室	0
さて、朝ご飯と昼ご飯と軽食用おかしを買って家に日引きこもるぞやることいっぱい	0
も残りわずかですね…。今回はを使って作成したアプリケーションを公開する方法について。意外に簡単に公開することができました本日もよろしくどうぞですーー	0
を使った含む環境構築についてです本日もよろしくどうぞっす	0
円ってまじすか	0
力	0
スマホでラジオ聴く人のこと、スマラーっていうらしい私はスマラーです	0
はてなブログに投稿しました はてなブログ上で作ったファイルをダウンロード メソッドの使い方  これで無理なら諦めて世界一やさしいデータ分析教室	0
正規分布のことググるつもりで、間違って「正規表現」と検索しがち。	0
今週頑張れば今年終わったようなもん	0
自信作っす。皆さんに見てほしいっす。秒でも読んでくれたらうれしいっす。本日も、よろしくどうぞでございます。	0
	0
ダイアンの津田さんの に「歯が多い」って書いてあるの面白すぎる	0
眼鏡を探していて、分前に確実に探した場所から発見した。絶対に誰かが時間を止めてイタズラをしている。絶対に。	0
はてなブログに投稿しました はてなブログ【 】基本となるの関数を網羅的に理解する  これで無理なら諦めて世界一やさしいデータ分析教室	0
日目です。いいですねー。カッコイイ	0
ちゃんと学びたい	0
はてなブログに投稿しました はてなブログ【 】メソッドでファイルアップロード散布図プロット  これで無理なら諦めて世界一やさしいデータ分析教室	0
業務ハック行ってきた。いかに周りの人とイザコザ起こさず進めていくか、ってところが参考になった	0
に登録した課題をカンバン形式で表示したい親課題同士でカンバン表示。各親課題をクリックすると、それに紐付く子課題同士をカンバン表示。そういうの欲しい。えっ作ればいいってうーーん･･････そうですね、作りますか･･････	0
日目です。今回は前回書いたスプレッドシートの記事と似ていますが、ローカルで事前認証する方法について解説しています。ぜひ、用途に応じて使い分けてみてくださいー	0
日目を担当させていただきました でを使っての画像分類を行っています。本日もよろしくどうぞーーー	0
ヒートテック初めて履いたけど何この安心感	0
勉強中	0
日目です。今回はスプレッドシートを上で利用する方法について書きました本日もよろしくどうぞー	0
に気を取られてたけど、明日の 担当だったやべ	0
やったるここから日までは、私的やったるです。	0
毎年月はずっと眠い	0
ここ最近の松本人志さんのお笑い界を盛り上げようという感じに、本当に感動している	0
日目です記事投稿ありがとうございます。とても参考になります	0
久しぶりに自分の家以外でお酒を飲んだっす	0
日目です良質な記事ありがとうございます	0
土日ってブログのアクセス落ちるよね皆土日ってなにしてんの	0
で、「あ、今のもう一度聞きたい」ってなったときに、秒前とか分前とかに合わせるの大変すぎない	0
日目。昨日公開したドラッグドロップでデータ読み込むアプリケーションに、プロット機能を加えてみました。本日もよろしくどうぞー	0
溝の口、なんか治安悪くなってない笑	0
今更ですが、「  」から「   」に名前を変更。分かりやすくなった。	0
明日はこれにプラスして、プロットするところまでやってみます。そちらもよろしくどうぞー	0
あけて日金曜日。松本人志のドキュメンタル話目が公開されました。時を同じくして   日目の記事も公開です今回はドラッグドロップでアプリにデータを読み込ませる方法について。…	0
さむい	0
沈黙の金曜日聞いているこれまた面白い。あー困る。世の中には面白いラジオが多すぎる。時間が足りない。	0
日目がやってきました。今回は と使ったアプリケーション制作です。簡単に実装できるので興味ある方実践してみてくださいよろしくどうぞーーー	0
眠い。また明日お会いしましょう。	0
日目っす。今回は  の適用について。このライブラリ使うだけで、一気にそこそこかっこいいデザインのアプリケーションが作れます本日もよろしく…	0
の  日目です。 アナリティクスからデータを引っ張ってくる作成についてです。本日もよろしくどうぞー	0
本日二本目の更新   日目です。今回は、のをすっきりさせる、の使い方についてです。簡単に複数タブを持つページを作ることができます。よろしくどうぞー…	0
今日も今日とて 用に記事を公開していきます。今日はちなみに本更新予定まずは の   を使ってに …	0
日目です良記事ありがとうございます	0
マヂカルラブリー、来年ウォーリーネタで優勝してください	0
年の敗者復活からマヂカルラブリーがやっぱり好きだ。上沼恵美子さんに低評価の芸人が日の目を見る説あ、カミナリ以外事例無いのでマヂカルラブリー証明して笑	0
納得の優勝そしてマヂカルラブリーは準決勝でウケるネタ、つまりお笑い好きが一番好むネタだったまた単独いこうそして爆笑しよう最高だぜマヂカルラブリー	0
マヂカルラブリーはまだ時代が追いついてない来年優勝してくれ	0
これ関東の審査員の方々入って大正解ではないか･･･とても良いバランスな気がする	0
私の「グランプリ」三連単の順位予想は、位マヂカルラブリー、位とろサーモン、位敗者復活です。投票サイト   グランプリ  三連単	0
私禁酒中なのですが、体を温める目的で飲む熱燗はお酒のうちに入らないという認識でよろしいでしょうか	0
今日はです。そして の日目でもあります。でナビゲーションバーを作る方法について紹介しています。よろしくどうぞー	0
あとか、余裕かよ	0
日目に参加しました	0
気付けば月日になっていたようですということは…   日目更新です今回も基礎編で、・・画像の設定についてです。よろしくどうぞー	0
先日書いた・の記事を、株式会社キスモさんの技術ブログにて紹介していただきました。ありがとうございます	0
の 、日分入れたけど結構埋まってきたから日分外そうかな。記事はもう書いちゃったけど	0
久々の本ノック更新原点回帰で「とは」についてです。	0
のアドベントカレンダー、時期が微妙だったので後ろにずらした	0
なんと、気づけば明日から月かということはアドベントカレンダーが開催されるということか…	0
本当に勉強したいこと、やりたいことが多すぎる優先順位	0
ほう…全く中身は読んでいない	0
こうなったら埋めるしかない	0
日常が迫ってくる	0
読者増えた…嬉しいぞ	0
なるほど…に応用するために勉強	0
今週は祝日あるから週四勤務かストレス軽減度合いが半端ないっすね	0
機械学習のモデル評価指標のつである曲線、に関してました。今回も図や表、例を多く取り入れてますので、、よく分からなかったという方はぜひ一読してくださいませ。	0
あれはじパタどこいった引越しのときにどこしまったっけ	0
松本人志の放送室、またやらないかなー…って一日回ぐらい考えている	0
日目に参加しました	0
おー増えている	0
にてコマンドを打つと、画像で数式を表示してくれるを作成しましたで数式使ったコミュニケーションをしたい方は、ぜひ参考にしてみてください	0
初参加でよく分からないのだが、過去記事貼ってもいいの自分で作ったカレンダー埋まらなかったら過去記事貼ろうかな。	0
やらんとね	0
自分で書いたのコード汚すぎたから、リーダブルコード読むことにする	0
でで数式打つと、画像が生成されるツール作ったにて会社の人の反応観察中	0
記事書いてみたかったので、  に登録した	0
日目に参加しました	0
日目に参加しました	0
分かりやすい	0
ふわっと理解していた主成分分析をちゃんと理解できた気がする	0
あ、といっても   ではなくて、  の方でして…	0
「決定木やランダムフォレストは、特徴量のスケーリングに配慮する必要のない、数少ない機械学習アルゴリズムである」なるほど。	0
導入したいやーこの未来感ね	0
、とりあえず名前かっこいい	0
ん落ちてる	0
普段ユーザーだけど、たまに触ると楽しい	0
鳥貴族の優待届いたありがたしありがたし	0
スピードワゴンのお二人のツイートを決定木とランダムフォレストで分類してみました。良かったら読んでみてくださいー	0
せっかくのハロウィンなので、アキラのコスプレの上からパンツとズボン、そしてシャツにパーカーを着て家を出てみました。	0
ランダムフォレストのパラメータチューニングがなかなか終わらないので、その間について調べている	0
【】決定木とランダムフォレストの実践編記事あげました。	0
復活	0
年の枠があと万円ぐらい残ってるがどうしようかできれば使いきりたい	0
最近仕事忙しくて記事更新できていないが、来週あたりには更新します…たぶん。	0
この間書いた、タイムライン情報をと で可視化するという記事。実践してくれた人を発見してとても嬉しい…。	0
いい天気	0
前回のデータを使った 記事が好評だったので、でもやってみました。ユーザーの過去ツイートではなく、そのユーザーのタイムラインどんなツイートが表示されているかを可視化してみました。	0
最近ブクマがよくついてとても嬉しい	0
【でテキストマイニング】スピードワゴンの小沢さんのツイートを、 を使って可視化をしてみました小沢さんらしい言葉を見つけることができました。	0
関数とかその類を、最近苦なく使えるようになってきて感動している	0
文回使ったら人工知能	0
リツイートの効果とはてブ新着人気に載った効果が切れて、今日はアクセスが落ち着いている寂しい…	0
のことでググってたらこのページに辿り着いたんだけど、メッセージの和訳が「私メリー」的で怖すぎた思わず誰もいないはずのオフィスで後ろ振り返ったわ	0
からの応答時間が長すぎます。	0
買います	0
でテキストマイニングとかしたい人向けにで を使うための基礎講座です	0
を使用するための登録作業とかしていた色々テキストマイニングしてみよう	0
気付いたらフォロワーだ…アカウント作ってからカ月でやっと……	0
バギングとランダムフォレストについて、学校のクラスを例に説明してみました。次回実践編では、決定木、バギング、ランダムフォレストの精度比較をしてみたいと思いますのでご期待くださいませ	0
データ回したかったが、飲みながらやろう	0
体が熱燗を求めている本当か僕の体よこの暑い夜に本当に熱燗を飲みたいのかね	0
アナリティクスで、からセグメントを作ることってできないのかなー…軽く調べる限り情報出てこないアクセス解析自動化してくれるよりも、色々使い勝手良いセグメントを自動で作ってくれたほうがありがたいかもね	0
アドセンス開くと、「『デリケートなカテゴリの広告の許可』をすると収益上がる」って出てくるけど、許可していいものか…。パッと調べた感じそこまで有益な情報出てこないな	0
僕が君に教えたシャイニングウィザード君が僕に放ったシャイニングウィザード	0
帰るでしかし	0
何か選択に迷ったときは、リトル本田みたいに心の中にリトル〇〇を人作って、そいつらに「どうすればいい」って聞きまくって、人の答えの平均を出せば良い選択ができそうです。ランダムフォレストなどのブートストラップも一緒	0
環境の  のある記事の内容を本番環境のへタイトル・内容・メタディスクリプションなどそれぞれコピペしたいのだが良いの拡張機能ありますもしくはこれ参考にしたら作れるのでは的なのあります	0
前回の決定木の基礎に続いて「木の剪定」について考え方をました	0
しがないラジオを聴いている	0
というワーキングメモリー鍛えるゲームやってる本当に効果あるか分からんけどとりあえず面白い	0
社から今朝帰社社から今朝帰社社から今朝帰社早口言葉	0
決定木で最初に「うん」となりそうな不純度について「ウォーリーを探せ」に例えて説明してみましたきっと分かりやすい…はずです	0
「傾向スコア 」で検索順位位だーありがたいー	0
☓ 反教師あり学習○ 半教師あり学習なんか不良生徒感あるな	0
決定木についてています近日公開その後例のごとくとで何かしらのデータ使って実践記事書きますー	0
アドイン 選	0
最近よく空咳が出るなーと思って調べたらどうやらストレスが原因ぽい…あんまり意識してなかったけど思い返すとストレス溜まる生活してたることに気づくこういうサインを見逃さないことが大事っすね	0
のと星野源の を聴きながら週末が始まったので最高な気分です	0
上でを動かしたいのです	0
緑茶と熱燗が大好きなので涼しくなるのは大賛成ですお天道さんそういうことなんでよろしくっす	0
使えるとモテると聞いたのですが効果がありません。何をしたらモテますか	0
作ったアプリにあげてみたけどしばらくロードした後に    エラー出てしまうなログも良い情報残ってないしうーん…後でググってみよう	0
【 本ノック 】 アナリティクスからデータ取得見やすくグラフ化パワポダウンロードまで自動化するツールを作成しましたかなり便利ですとかもうちょい工夫したら、お金稼げるかもしれない…笑	0
使うのがスタンダードなのかなーとかでやっている人もいるのか	0
をサーバーにするの試してみる	0
ヶ月に一度ぐらいのペースで急に無性に聴きたくなって、試しに聴いてみたら良い曲すぎて回はリピートしてしまう曲ランキング第一位は僕の独断と偏見により、キリンジの「エイリアンズ」に決定しました	0
セブンの『和の逸品』っていうビール初めて飲んだけど、旨すぎない	0
あー触りたい触りたいよーーあー残業残業残業残業	0
第三弾使った可視化とパワポに落とす部分を今回実装してみました はてなブログ【本ノック 】グラフをインタラクティブに作……	0
楽しそう	0
会社のゼミで、シンプルな局所探索から発展させての話をした色々な初期値から更新の様子をプロットしつつシミュレーションしたので反応は良かった…と思うハアハアするほどは興奮してなかったけど笑	0
のデータが取得できるまでの期間がかなり空いてきてるなー前は日遅くて日だったのに月中旬のアップデートが原因かな	0
を使いこなす力がやはりまだ全然足りない	0
ヶ月前に寝違えた首がまだかすかに痛い	0
前回はでアナリティクスのデータを取得して表出力するツールを作りました 今回は可視化編ですつまりは「偽  」を作ります	0
でパワポ作ってダウンロードとかできるのか知らなかったまだちゃんと読んでないけど…やってみたすぎるんだが	0
に関するつぶやきをしている人をフォローしたいのだが、どうやって検索するのがいいんだろう「」だけだと当然関係ないツイート多いし「 」でもまだダメだし、細かすぎてもちょっとしか拾えないし…	0
の提供するサービスが有能すぎて何か悔しいので、いま話題の   みたいなツール本物にはほど遠いけどをで作ってやった午後に記事更新します	0
赤ちゃんと僕読んで号泣していた	0
記事立て込んでて書けてないな…土日に書き溜めて来週本更新します	0
タグマネージャに詳しくなる日々上に出てくる情報見てる感じだとちゃんと使いこなせている人って結構少なそうだ	0
実家帰省中だが、急遽オンライン打ち合わせ入った便利な時代だ･･･	0
やっぱり記事より記事の方が跳ねるなー	0
前回こちらで書いたでの傾向スコア実践編の記事をバージョンで書きましたぜひこちらも読んでみてくださいー	0
傾向スコアの実践編【編】の記事を公開しました編も早ければ明日、遅くとも来週火曜日あたりに公開します	0
カイロ行ってきて体スッキリ寝違えたのがわりと良くなったぞ	0
調べたら非推奨か、まあそうだよね	0
はてなブログってデフォルトで、 タグマネ仕込んでんのねそれ元にはてなブログの管理画面のアクセス解析出してんのか最近自分アカウントのタグマネ入れたらうまく計測できなくなったのは、バッティングしていたのかな	0
読了率取得するために書いたコードがいけない気がしてきた一旦削除して様子見	0
ちなみにはてなには タグマネいれて、 アナリティクスとアドセンスを管理している	0
はてなブログのデフォルトでついているアクセス解析数と アナリティクスでみる結果が違うのは何だろう基本はてなの方が多くて、たまに倍くらい違うときある	0
前回書いた記事、コードの説明皆無すぎて申し訳ないレベルだったので追記しました	0
自分もトレンドに乗っかって写真撮ってみる本当にでかい、緑本が新書ぐらいに見える笑犬匹本	0
昨日の関連のツイートに歴代ダントツのエンゲージメント頂いた初の桁リツイート、皆様ありがとうございます	0
審査通ったからとりあえず入れてみたけど、ヘッダー・フッター・サイドバー以外に記事中にも出てきちゃうのかそれはちょっと嫌だな	0
の記事を本書く予定ですちょい説明が不足しているかもですが…	0
月中に 犬匹本 を読まないとな	0
スマホのアプリが鬼のように落ちるな	0
これからの記事本ぐらい書くつもりだから、どなかた書籍化させてくれません	0
犬四匹本買わないと	0
傾向スコア実践した結果を記事にしてみようと思っているけど、データ選ぶのが難しいな…	0
楽しそう笑	0
傾向スコアについて、直感的な理解ができるような記事を書いてみました前編・後編に分かれています【傾向スコア前編】【傾向スコア後編】	0
パッケージ使ってみよう	0
初参加 ユーザーの優しさを感じている……懇親会参加希望したけど、軽い熱中症みたいな症状出てちょっと迷っている…	0
傾向スコアについて書いていたのですが、長くなりそうだったのでとりあえず前編のみ先に公開することにしましたよろしければお読みください…後編はまた月曜日あたりに公開します	0
あ、そういえばブログ、色々楽しそうなんで独自ドメインにしてみましたアクセスやっぱ減るのかなー	0
傾向スコアって良い名前だよねふと思ったけど	0
仕事でと格闘して日溶かしたあーああーあだよ	0
記事の流入数とか見てるとよりもの情報の方が需要あるんだなって感じまあまだ記事が少ないので誤差の範囲かもしれないが…【実践 編】【実践 編】	0
で使えるの知らなかった…これは使わないと	0
はてなブログに投稿しました はてなブログ都議選当選への影響要因をロジスティック回帰で推定【で実践編】  これで無理なら諦めて世界一やさしいデータ分析教室	0
昨日公開した、での都議選データを使ったロジスティック回帰の版を今書いています	0
ロジスティック回帰の流れで傾向スコアマッチングの記事書くか	0
基礎編【二項分布】【ポアソン分布】【理論編】【実践編】	0
はてなブログに投稿しました はてなブログ都民ファーストがやっぱり最強か 都議選のデータを使って、でロジスティック回帰してみた  これで無理なら諦めて世界一やさ……	0
ゼミ用に で書いた文章をはてなに移行している数式部分とかテーブルとか絶妙に修正が必要だな	0
都議選の当選結果から何が当選に影響を与えたかロジットしようとしたけどスクレイピングしづらいサイトばっかだしやっとの思いで取得して分析できたと思ったら全くいい感じの結果出ないの辛すぎるんだが	0
ユーザーって日本にどれくらいいるんだろう	0
イヤホン忘れたので急遽円ショップで買ったら両方だった仕方ないので無理やり左耳に両方入れて星野源聴いてる	0
とで アナリティクスのデータを、から叩いて取得できるようにしてみたほぼデモ通りなので作った実感なし……現時点だと の機能を実現できた感じかな …	0
新宿東口献血ルームで献血してきた何でも型の全献血が足りてないとかで、久しぶりの全献血	0
はてなでを書いている素敵な人々へ捧げます…	0
今日の夜は動かすぞー	0
最近お昼に分ぐらい睡眠取らないと一日もたない体になってしまった…	0
とりあえず動かしてみたけど、やっぱはいけてないなー。自前で関数作っといたほうが良さげ	0
今日は暇だから動かそっと	0
はてなブログに投稿しました はてなブログ柔軟な確率分布を仮定して分析できる一般化線形モデルとは  これで無理なら諦めて世界一やさしいデータ分析教室	0
傾向スコアをできるだけシンプルに説明したい	0
アナリティクスと結んでの美しいグラフであれこれしてみるまずはから アナリティクス叩くところからはじめます…	0
二項分布とポアソン分布について書いたので、次は一般化線形モデルについて書こう	0
はてなブログに投稿しました はてなブログポアソン分布ある時間帯にかかってくる電話の数がわかる  これで無理なら諦めて世界一やさしいデータ分析教室	0
最近触り始めたけど、これ楽しすぎないかい	0
便利すぎて泣ける	0
はてなブログに投稿しました はてなブログ二項分布とベルヌーイ分布登校中にヤンキーに遭遇してしまう確率…  これで無理なら諦めて世界一やさしいデータ分析教室	0
勉強会楽しそうーだな自分も発表してデータ分析やっている人と交流してみたい	0
によるデータマイニング入門読破したせっかくなので選挙に関するツイート取得して分析してみるかな	0
使ってみたとても使いやすかったので次の会社のゼミはこれで作成してみよー	0
の第巻めちゃくちゃ読みたいんだがいつ発売なんだろう	0
近畿大学の面白そうなサービス体験してみたその結果難しそうな本を紹介されてしまった	0
によるテキストマイニング入門と岩波データサイエンスをアマゾンにて購入読むの楽しみすぎる	0
的に岩波データサイエンス買わないといけない気がしてきた	0
自民党の都議選立候補者のデータスクレイピングしようかと思ったら画像だったわ……なんでやねん	0
はてなブログに投稿しました はてなブログこんなに簡単なののによる線形回帰分析交差項もモデルに入れてみた  これで無理なら諦めて世界一や……	0
を使った面白いシミュレーション	0
ついにをプレミアム会員にしたエリアフリー機能楽しすぎる	0
来週の都議選のデータを用いて当選確率をロジスティック回帰してみよう何のデータが使えそうかな…演説内容とかをテキストマイニングするところまで踏み込まないといけないか	0
書いた記事のアクセスが少しずつ少しずつ伸びているの楽しすぎる	0
を使ってもっと楽しいことしたい漠然	0
野球選手の年俸に影響を与えているのは何ということで、で線形回帰分析してみた はてなブログ野球選手の年俸には何が影響しているのかを使って重回帰分析してみた  これで無理な……	0
最近雨が続いているので隠れマルコフモデルを用いた結果今は梅雨である可能性が高いです	0
ちょっと試すなら、が手軽でいいね	0
便利っす	0
なおを使って初めてスクレイピングしてますいままではの使ってやってた	0
スクレイピングするとき、ちゃんと対象サイトへ負担が掛からないように秒間隔あけて実行するようにしているけど、その実行時間がかかりすぎて待機時間中の晩酌が進みすぎる問題生じています	0
という便利拡張機能を知った今まで愚直に見つけてた…言われてみればそりゃそんな拡張機能もあるよなって感じなんだけどいやーありがたいです	0
【初心者大歓迎】線形回帰分析入門  最小二乗法から決定係数までなるべく直観的理解ができるようにました	0
の  が充実していなくて辛い……もうちょい頑張ってほしー	0
気になる	0
のエディタも にしますかこんなリンク発見	0
大した使いでもないくせに、 導入して「うーんやっぱりのコマンドに慣れちゃってるからなー」とかほざき、のコマンドを再現できるプラグインを入れて「これこれ」とか嬉しくなっているところ	0
記事を更新しました「確率分布の基本 正規分布について分で理解させるために書いた記事」	0
サイトに訪れるユーザーのコンバージョンのしやすさをロジットモデルで計算してそれを傾向スコアとして扱い本当にどのような施策が有効かを求めたいだけど例えば アナリティクスから取得できるデータには限りがあるしなー…というところで思考が止まる	0
会社のゼミ準備のために緑本を読んでる…良書である良書である	0
読者数が人になった偉大なる第一歩ありがとうございます	0
はてなブログに投稿しました はてなブログ確率分布の基本 正規分布について分で理解させるために書いた記事  これで無理なら諦めて世界一やさしいデータ分析教室	0
は使ったことあるけど、はまだない実際使ってみて比較記事とか書いてみようかな	0
って日本語で何ていうか一瞬分からなくなってググってしまった「最小二乗法」だ。なんでこんな簡単な言葉ど忘れしてしまったのか…自分が情けないぜ……	0
正規分布に従うなら平均値 ± × 標準偏差で信頼区間が求まるこれなんとなく頭に入れておくだけで「平均は予想どおりだけど信頼区間にすると広すぎて信用できんなー」とか判断できるのでオススメです	0
分析環境の整え方について はてなブログを使って爆速で分析環境を構築する  と両方使ってデータ分析するブログ	0
あとそれに伴う正規分布	0
今週は、線形回帰に関するお話を書く予定です	0
はてなブログに投稿しました はてなブログ上でついでに もを使用する方法  自分のは汚したくないという方へ  と両方使ってデータ分析す……	0
はてなブログに投稿しました はてなブログデータ分析を始める前に の環境をセットアップする方法  と両方使ってデータ分析するブログ	0
骨太の力作ですね。ありがとうございます🐾会社犬研究所	1
湊川先生、ありがとうございます🐾おかげさまでロングセラーの素晴らしいシリーズに大きく育ちました会社犬研究所	1
【人気ランキング更新】研究所の週間売れ筋書籍トップを更新しました第位には最新刊の「データマイニングエンジニアの教科書」が登場⭐️データを基礎知識を解説していますデータマイニングを行う人にオススメの冊です😌毎週更新→	1
【新刊情報】データマイニングエンジニアの教科書の見本が届きました😊データを分析するための知識を技術について、統計・エンジニアリング・ビジネス・倫理の基礎知識を解説	1
とても素晴らしい、そして素敵な本に仕上がりました。一生懸命に売って行きますので、どうか口コミ宣伝もよろしくお願いします🐕会社犬研究所🐾	1
【新刊情報】完全脱出マニュアルの見本が届きました😊や企業で楽しく働けていない人が、転職などによって楽しく働けるようになるまでをサポートするためのマニュアル	1
【速報】刷り目の増刷が決定しました。超ロングセラーですね🐕⇒インフラエンジニアの教科書 スキルアップに効く技術と知識   佐野 裕  さんから	1
【人気ランキング更新】研究所の週間売れ筋書籍トップを更新しました第位はロングセラーの「インフラエンジニアの教科書」がランクイン✨インフラエンジニアの知識やスキル、どういう仕事なのかなどをわかりやすく解説します😆毎週更新→	1
新刊のゲラを確認しました。内容の濃い凄い本ができあがりました年程前に執筆依頼にサーバーエンジェントさんにお邪魔したのが昨日のようです。エンジニア必読の冊ですね会社犬研究所⇒データマイニングエ…	1
👏	1
【年月度弊社のリアル本の実売ランキング】位図解速習 位はじめて使う 弥生会計位わかばちゃんと学ぶ 使い方入門位組込みエンジニアの教科書位運用…	1
【年月度 研究所の電子書籍実売ランキング】位わかばちゃんと学ぶ 使い方入門位基礎からわかる 位基礎から学ぶ 位改訂版 ネットワークエンジニアの教科書位新人ガー…	1
なるほど一応、訂正情報は『読者の広場」→「訂正情報」に掲載しております。ただ、メニュー構造が分かりにくいかも知れませんでしたね。今後の参考にさせていただきます。ありがとうございました🐾会社犬研究所	1
【人気ランキング更新】研究所の週間売れ筋書籍トップを更新しました今週は「［図解］超早わかり 歳成人と法律」が第位にランクイン😍知らなかったでは済まされない 歳成年法の具体的な改正内容やポイントをイラスト入り…	1
サンプルデータの所在地のことでしょうか次のから「サンプルデータダウンロード」をクリックしていただけると入手できます。	1
【速報】予約の段階で現在位を獲得＼超例解カーネルプログラミング最先端カーネルの修正コードから学ぶソフトウェア品質	1
おーー、まじにバンドできそうです🎸会社犬研究所	1
ありがとうございます🐾会社犬研究所	1
【予約受付中】発売と実データで遊んで学ぶ データ分析講座 理論と実践のどちらにもフォーカスを当てや機械学習について「ある程度、中身を知って使える」を目指す入門書 や国の統計デー…	1
【予約受付中】 発売超例解カーネルプログラミング最先端カーネルの修正コードから学ぶソフトウェア品質 の最先端でどんなことが行われているかプロのプログラマでない方にもわかるようにていね…	1
ドラムで参加したかった🐾ｗ会社犬研究所	1
おーありがとうございます🐾会社犬研究所	1
【人気ランキング更新】研究所の週間売れ筋書籍トップを更新しました第位は最新刊の「作ってわかる アンサンブル学習アルゴリズム入門」✨「アンサンブル学習」について、基礎的な部分から解説し実際にコードを作成しながらその動…	1
ありがとうございますいちおう肉球で入力してますｗ🐾会社犬研究所	1
【通信最新号】書店様と弊社を結ぶコミュニケーションペーパーが完成日々忙しい書店員さんが少しでもホッと一息出来ますように 旦月より順次お届けします。	1
【発売間近】作ってわかる アンサンブル学習アルゴリズム入門数式でアルゴリズムを理解するのではなく、実際に一からプログラムを書き、コードに触れることで得られる知識は、実際のデータ解析…	1
ありがとうございます🐕会社犬研究所	1
【人気ランキング更新】研究所の週間売れ筋書籍トップを更新しました今週は新刊冊がランクイン✨第位は「図解速習 」最新トレンドとその追い方や、無料クラウドのを活用し…	1
作ってわかる アンサンブル学習アルゴリズム入門   坂本 俊之  さんから	1
【新刊情報】作ってわかる アンサンブル学習アルゴリズム入門 の見本が届きましたやなどに代表されるアンサンブル学習のアルゴリズムを でゼロから実装することで、その仕組みや原理を学べる…	1
【新連載】今回から新たにコマ漫画「ラッキーとゆかちゃん」の連載が始まります🎉会社犬・ラッキーと、元気いっぱいの新米社員・ゆかちゃんによるゆるコメディー漫画です✨記念すべき第回は、元気がでないラッキーのもとにニューフェイスが…	1
【新刊情報】サイエンスミステリー 亜澄錬太郎の事件簿［新潟編］撤退の代償の見本が届きました😊	1
【年月度 弊社の電子書籍の売り上げランキング】位わかばちゃん使い方入門🏆位今すぐ使えるレシピブック位新人ガール使って業務プロセス改善します位基礎からわかる 位基礎…	1
【人気ランキング更新】研究所の週間売れ筋書籍トップを更新しました 今週は最新刊が位にランクイン🌟 週連続ランクインの「わかばちゃんと学ぶ使い方入門」はマンガと実践で学ぶの入門書✨からを使い始める人…	1
本日、増刷分が刷り上がって倉庫に入りました。書店の皆さま、よろしくお願いいたします。⇒わかばちゃんと学ぶ 使い方入門〈、、〉   湊川 あい  さんから	1
【年月度 当社のリアル本ランキング】位 運用☆ちゃんと学ぶ システム運用の基本位 組込みエンジニアの教科書位 はじめて使う弥生会計位 わかばちゃんと学ぶ使い方入門位…	1
運用ちゃんデプロイイベント間もなく始まりますな、なんとスパークリングワインも🍷	1
運用ちゃんデプロイイベント間もなく富士通さんにて、開催されます楽しみーー🐕会社犬研究所	1
明日、池田が参加させていただきます。お会いできるのを楽しみにしています🐕会社犬研究所	1
【増刷情報】新人ガール使って業務プロセス改善します第刷が出来上がりました😊小説がメインで、そのものがたりからをビジネス業務プロセス改善に活かす方法を学…	1
【人気ランキング更新】研究所の週間売れ筋書籍トップを更新しました今週は新刊冊がランクイン✨位は「サイエンス レアメタル・レアアースの驚くべき能力」。一般的な金属とレアメタルの違い、性質や使用用途など科学的に…	1
遅くなり申し訳ございません明日火曜日に送信させていただきます。会社犬研究所	1
【新刊情報】図解速習 の見本が届きました😊。最新トレンドとその追い方や、無料クラウドの…	1
【新刊情報】月発売図解速習 手を動かしながらディープラーニングを学べる冊最新トレンドとその追い方や、無料クラウドのを活…	1
ただ今、さんでは入庫処理遅延により本書は購入できません。ネット書店では楽天さんやさんで入手できます。リアル書店では大きめの書店さんで入手可能です。	1
【増刷速報】わかばちゃんと学ぶ使い方入門の刷り目の増刷が決定しました🎉⇒わかばちゃんと学ぶ 使い方入門〈、、〉   湊川 あい  さんから	1
豊橋市の皆様、本書は精文館書店本店様のＦで入手できます 会社犬研究所	1
【人気ランキング更新】研究所の週間売れ筋書籍トップを更新しました 基礎からわかる が第位にランクイン🎉注目を集めるプログラミング言語・の解説書基本的な文法や、亜アーキテクチャについても詳しく解説…	1
皆様、『組込みエンジニアの教科書』はジュンク堂池袋本店で入手できます🐕会社犬研究所	1
皆様、『組込みエンジニアの教科書』はこのお店で手に入ります。コアな書の品揃えがバッチリある書泉ブックタワーさんへぜひどうぞ	1
【新刊情報】サイエンス レアメタル・レアアースの驚くべき能力私たちが知っている一般的な金属とレアメタルの違いはもちろん性質や使用用途、将来的な可能性までイラスト入りで科学…	1
【新刊情報】組込みエンジニアの教科書組込みエンジニアとして必要な知識・スキルを網羅的に解説した冊です。や を使った実践もあり、手を動かして覚え…	1
会社犬ラッキーコマ「まこちゃんとラッキー」最終回更新です坂上 年間ありがとうございました	1
おー、ありがとうございます🐕会社犬研究所	1
【人気ランキング更新】研究所の週間売れ筋書籍トップを更新しました 人気シリーズわかばちゃんと学ぶ使い方入門が第位にランクイン🎉マンガと実践で学ぶの入門書で、を使い始める人にオススメの冊です。…	1
弊社のロングセラーになります。一度、書店で手に取ってご覧になっていただければ幸いです🐕会社犬研究所	1
ぜひ🐕会社犬研究所	1
【新刊情報】サイエンス レアメタル・レアアースの驚くべき能力の見本が届きました😄私たちが知っている一般的な金属とレアメタルの違いはもちろん性質や使用用途、将来的な可能性まで…	1
【新刊情報】組込みエンジニアの教科書の見本が届きました😊ハードウェア・ソフトウェアの知識、組込みプログラムの概要、リアルタイム、スマートデバイス、組込みソフトウェアの開発プロセ…	1
ありがとうございました会社犬研究所	1
組み込みエンジニアの教科書、ネットワークエンジニアの教科書、ドラクエに学ぶチームマネージメントは完売です。技術書展	1
先行販売していた「組み込みエンジニアの教科書」間もなく完売です。技術書展	1
研究所は本日の技術書展の会場池袋サンシャインに到着ブースの設営中です技術書展	1
「運用☆ちゃんと学ぶシステム運用の基本」のキャンペーンですが、好評につき、期間を月いっぱいに延長しますぜひ、ご応募ください。	1
本日、これから託アワードでを受賞したお祝いを新潟駅前の「五郎万代店」で行います🏆「ラッキーの見たよ」と店内でお声かけ頂いた方には、生ビールか五郎酒と鶏の唐揚げを奢ります🐕会社犬研究所	1
皆様、月日日曜日の技術書展でお会いしましょう🐕☆「組み込みエンジニアの教科書」の先行販売☆既刊本は約で販売☆ここでしか買えない「出版社で技術書を出版する方法をそっと教えます」も販売場所池袋サン…	1
ロングセラーの名著です👏素晴らしい原稿を生み出していただいて感謝いたします会社犬研究所	1
【人気ランキング更新】研究所の週間売れ筋書籍トップを更新しました今週は「はじめて使う 弥生会計」が第位販売実績で日本一を誇る会計ソフト「弥生会計」の最新バージョンである「弥生会計 」の解説書毎週更新→	1
【年月度での弊社リアル本の実売ランキング】位はじめて使う 弥生会計🏆 位基礎からわかる 位わかばちゃん使い方入門位基礎から学ぶ 位わかばちゃんと学…	1
上梓、おめでとうございますおかげさまで素敵な本に仕上がりました。大勢の人に届くよう、しっかり売って行きます🐕会社犬研究所	1
上梓、おめでとうございますとっても素敵な本ができあがりました🌸ありがとうございますキャンペーンも続々応募が届いております会社犬研究所	1
湊川先生ありがとうございます🙏会社犬研究所	1
【新刊情報】運用☆ちゃんと学ぶ システム運用の基本の見本が出来上がりました😊マンガと解説でシステム運用のいろはを楽しく学習できる冊対象期間に本書『運用☆ちゃんと学ぶ システム運用の基本』をにてご購入いただいた方に、…	1
【増刷情報】わかばちゃんと学ぶ サイト制作の基本第刷が出来上がりました😄これからデザイン・サイト製作をはじめたい人にオススメの冊です。イラストも著者の先生も可愛くて癒やされます♡	1
●年月度の弊社の電子書籍の実売ランキング位わかばちゃんと学ぶ 🏆位基礎から学ぶ  位新人ガール使って業務プロセス改善 位情報整理術 位…	1
【人気ランキング更新】研究所の週間売れ筋書籍トップを更新しました今週は月新刊「改訂版関数逆引きハンドブック」が位関数逆引きリファレンスの定番書がの最新バージョンに合わせて改訂しまし…	1
【増刷情報】改訂版貿易実務の基礎がわかる本第刷が出来上がりました😄わかりやすい解説と、貿易に必要な知識をひととおりカバーするボリュームで好評の「貿易実務の基礎がわかる本」の改訂版です。年改定の「新貨物海上保…	1
『運用☆ちゃんと学ぶ システム運用の基本』のキャンペーンを本日より開始いたしました詳細は。ご応募いた…	1
【キャンペーン予告】『運用☆ちゃんと学ぶ システム運用の基本』のキャンペーンを月日から月日までの期間で開催しますでご購入いただい…	1
【好評発売中】改訂版 ネットワークエンジニアの教科書ネットワークエンジニアの業務や、ネットワークエンジニアに必須のスキルがぎっしりと詰まった冊	1
【好評発売中】働き方改革で潰れない会社の人事戦略良い人材を確保する方策についてわかりやすく解説	1
【人気ランキング更新】研究所の週間売れ筋書籍トップを更新しました気鋭のアニメ制作会社、神風動画のノウハウが詰まった「神風式 アニメーションの作りかた・魅せかた デジタル作画編」がランクイン🎉そして位はこの新刊…	1
出場できると思います。決勝のセンターコースに立つ姿が見る気がします🎌	1
【好評発売中】今までの人事対策では働き方改革に対応できません大胆な戦略で良い人材を確保する方策を「伝説の人事部長」が伝授します西方新刊「働き方改革で潰れない会社の人事戦略」	1
本書は月に発刊予定です。近々、ビッグなお知らせがあるのですが、上からまだ言うなと言われております。ここだけの話しですが、実は・・・・おっと誰かが来たようだＷ会社犬研究所⇒運用☆ちゃんと学ぶ システム…	1
【予約受付中】人事担当者にオススメ新刊「働き方改革で潰れない会社の人事戦略」労働環境の改善や良い人材を確保する方策について「伝説の人事部長」が丁寧に解説しています西方	1
【新刊情報】改訂版 関数逆引きハンドブックの見本が届きました😄関数逆引きリファレンスの定番書がに対応して改訂	1
【予約受付中】のなか見検索公開されました発売「働き方改革で潰れない会社の人事戦略」働き方改革の対応が難しいと考えている人事担当者必携の一冊です西方	1
ホワイトデー	1
【新刊情報】「働き方改革で潰れない会社の人事戦略」の見本が届きました万人以上の面接を行った「伝説の人事部長」と呼ばれる著者の経験から働き方改革に対応する企業が潰れないためのポイントや大胆な戦略で良い人材を確保する方策について…	1
誕生日会坂上	1
ありがとうございます❣今後ともよろしくお願いいたします🐕会社犬研究所	1
【人気ランキング更新】研究所の週間売れ筋書籍トップを更新しました今週はランキング常連の好評書籍が続々ランクイン位には今話題の「基礎からわかる 」も登場です位はおなじみあの書籍🌱気になるランキングはこちら…	1
えー🐕会社犬研究所	1
ありがとうございます会社犬研究所	1
沢渡あまね 湊川あい両先生の初コラボのゲラを先ほど目を通しました。「これ、スッゴく良い」というのが初見の印象です。マンガも解説も力が漲ってますね。会社犬からもお薦めします🐕会社犬研究所⇒運…	1
【増刷情報】基礎から学ぶ 第刷が出来上がりました😆本書はリファレンス形式でについて丁寧に解説しています。著者による図解もわかりやすく、のことがよく理解できる冊ねこちゃんがニャンとも可…	1
【増刷情報】インフラエンジニアの教科書第刷が出来上がりました😄これからインフラエンジニアを目指す人はもちろん、現役のインフラエンジニアの方にも役に立つ冊	1
【年月度 弊社の電子書籍実売ランキング】位わかばちゃん使い方 位基礎から学ぶ  位情報整理術 位新人ガール 使って業務プロセス改善位ビギナーズガイド会社犬がリーク	1
【予約受付中】月新刊「働き方改革で潰れない会社の人事戦略」の立ち読みページ公開しました各項目の最後に改善ポイントがられているので、理解しやすいです。西方立ち読みはこちら→	1
【予約受付中】働き方改革の人事対策が遅れると倒産の可能性大です「伝説の人事部長」と呼ばれる著者が人事戦略をわかりやすく解説西方「働き方改革で潰れない会社の人事戦略」	1
【人気ランキング更新】研究所の週間売れ筋書籍トップを更新しましたついに発売🎉新刊「基礎からわかる 」が第位に登場アプリを開発するための新しい言語「」の基本とポイントを解説第位も期待の新刊🌟…	1
【年月度 での弊社のリアル本実売ランキング】位 わかばちゃんと学ぶ 使い方入門位 今すぐ使えるレシピブック位 はじめて使う 弥生会計位 基礎から学ぶ 位 基礎…	1
ありがとうございます🐕会社犬研究所	1
さんでの入庫作業が完了し、注文可能になりました。お待たせいたしました	1
【速報】わかばちゃん本の増刷が決定しました⇒わかばちゃんと学ぶ サイト制作の基本〈・〉   湊川 あい  さんから	1
本書はさんでは本日から発売予定ですが、システムトラブルらしく在庫なしステータスになってますね。ただ今、さんに問い合わせ中です。ご迷惑をおかけして申し訳ございません⇒基礎からわかる …	1
【人気ランキング更新】研究所の週間売れ筋書籍トップを更新しました大好評の「ネットワークエンジニアの教科書」の改訂版がランクイン最新情報がつまっています✨第位は早くも第刷ができたあの書籍気になるランキングはこ…	1
研究所の書籍は全国書店やや楽天ブックスなどネット書店で買うことができます。一般書店の店頭にない場合は、レジにてご注文いただければ取り寄せ可能です会社犬研究所	1
【増刷情報】わかばちゃんと学ぶ アナリティクス第刷が出来上がりました😄個性的なキャラクターたちが登場感覚的にわかる図解がたっぷりまた丁寧な実践パートも大好評です	1
【増刷情報】［図解］超早わかり 歳成人と法律第刷が出来上がりました😄「高校教育の対応」「成人式のあり方」「被選挙権年齢の引き下げ」「少年法上限年齢の引き下げ」などもイラスト入りでわかりやすく紹介大変ご好評いただいています…	1
ありがとうございます会社犬研究所	1
【新刊情報】改訂版 ネットワークエンジニアの教科書ネットワークエンジニアの業務や、ネットワークエンジニアに必須のスキルがぎっしりと詰まった冊です。これからエンジニアを目指す人や、現場のエンジニアにオススメ…	1
ありがとうございます会社犬研究所	1
ありがとうございます会社犬研究所	1
ありがとうございます会社犬研究所	1
ただ今、印刷ラインから製本ラインに流れていってます会社犬研究所	1
ありがとうございます会社犬研究所	1
そうですかおめでとうございます会社犬研究所	1
ありがとうございます会社犬研究所	1
ありがとうございます会社犬研究所	1
長らくお待たせしました。『基礎からわかる 』の見本が出来上がりました。での発売は月日となります。よろしくお願いします。	1
【人気ランキング更新】研究所の週間売れ筋書籍トップを更新しました今週位「基礎から学ぶ 」を読んだあとは位の「ビギナーズガイド」もおすすめです🐱🌟位は先週からランクアップしたこの新刊…	1
ありがとうございます会社犬研究所	1
月間売れ筋ランキング集計期間一位に輝いたのはあの本だった	1
さんでを受賞させていただきました会社犬研究所	1
こちらこそ恐縮です。ありがとうございます会社犬研究所	1
お手数をおかけしまして、申し訳ございません。や楽天ブックスからは予約できますが、さんはまだ登録がされていないようです。ただ今、運営会社のトーハンさんに催促いたしました。会社犬研究所	1
【ブログ更新しました】会社犬ラッキーコマ「まこちゃんとラッキー」第話更新です坂上	1
はい。本当です書店さんやネット書店にはご案内済みです。会社犬研究所	1
テレビに出演しませんかビジネスもありますね。こちらがお金を支払うんですねどｗ弊社にも何度かそういう電話が来ました会社犬	1
【人気ランキング更新】研究所の週間売れ筋書籍トップを更新しましたを使いこなすためのテクニックをた新刊「今すぐ使えるレシピブック」が第位に位は先週からランクインしていたこの書籍が獲得🎊…	1
学校関連で大反響の「［図解］超早わかり歳成人と法律」「国民投票法入門」著者の南部義典先生がのラジオ「久米宏ラジオなんですけど」に生出演されました国民投票や歳成人のお話は必聴です。ぜひ、お聞きください西方	1
【増刷速報】不朽のロングセラー「インフラエンジニアの教科書」の刷り目の増刷が決定▲インフラエンジニアの教科書   佐野 裕 著 さんから	1
「今すぐ使えるレシピブック」がデザイン情報サイト「コリス」におすすめの良書として掲載されました🐿記事はこちら→	1
【臨時告知】学校関連で大反響の「［図解］超早わかり歳成人と法律」著者の南部義典先生がのラジオ「久米宏ラジオなんですけど」にゲストとして生出演しますぜひ、お聞きください西方	1
結城先生、ありがとうございます会社犬	1
【求人】研究所では編集者を募集しています正社員、契約社員。本社勤務、リモートワークいずれも可能です	1
【増刷速報】基礎から学ぶ 刷目が決定しました💐▲基礎から学ぶ     著 さんから	1
のフロンエンドはで書かれています。これからのフロントエンドエンジニアには必須のプログラミング言語です⇒基礎から学ぶ    著  さんから	1
【増刷速報】図解超早わかり 歳成人と法律刷目が決定しました💐⇒図解超早わかり 歳成人と法律   南部 義典  さんから	1
【人気ランキング更新】研究所の週間売れ筋書籍トップを更新しました今週は会計ソフト「弥生会計」の最新版を解説した「はじめて使う 弥生会計」をはじめ、ランキング常連書籍が勢ぞろい位は好評シリーズのあの書籍👑気にな…	1
国民投票法の南部先生がラジオ「久米宏 ラジオなんですけど」に生出演	1
【電子書籍】年月度の弊社の電子書籍実売ランキング位わかばちゃん使い方位ビギナーズガイド位基礎から学ぶ 位情報整理術位新人ガール 使って…	1
お待たせいたしました「基礎からわかる 」は年月日以降、随時、店頭に並ぶ予定です。	1
お待たせいたしました「基礎からわかる 」は年月日以降、随時、店頭に並ぶ予定です。	1
お待たせいたしました「基礎からわかる 」は年月日以降、随時、店頭に並ぶ予定です。	1
お待たせいたしました「基礎からわかる 」は年月日以降、随時、店頭に並ぶ予定です。	1
お待たせいたしました「基礎からわかる 」は年月日以降、随時、店頭に並ぶ予定です。	1
お待たせいたしました「基礎からわかる 」は年月日以降、随時、店頭に並ぶ予定です。	1
お待たせいたしました「基礎からわかる 」は年月日以降、随時、店頭に並ぶ予定です。	1
【増刷速報】わかばちゃんと学ぶ アナリティクスの増刷刷目が決定しました💐⇒わかばちゃんと学ぶ アナリティクス〈アクセス解析・マーケティング入門〉   湊川 あい  さんから	1
【人気ランキング更新】研究所の週間売れ筋書籍トップを更新しました今週は中級者向けにの欠かせないテクニックを解説した新刊「今すぐ使えるレシピブック」がランクイン気になる位も発売したてのこの書籍🎉ランキ…	1
著者はまだ代の若者です💦	1
【月のリアル本の実売ランキング】位わかばちゃんと学ぶ 使い方位わかばちゃんと学ぶ アナリティクス位基礎から学ぶ 位はじめて使う 弥生会計位…	1
【人気ランキング更新】研究所の週間売れ筋書籍トップを更新しました今週は新刊「検定一問一答」問題集が好調それを抜いてトップとなったのは注目の仮想通貨を経営者向けに解説したこの書籍毎週更新→	1
ただ今、弊社のサーバー障害のため、繋がりにくくなっているようですね	1
【人気ランキング更新】研究所の週間売れ筋書籍トップを更新しました歳成年法の具体的な内容をイラスト入りで解説した新刊「［図解］超早わかり 歳成人と法律」がランクイン🎉位は人気サイエンスシリーズのあの本気に…	1
会社犬ラッキーコマ「まこちゃんとラッキー」第話更新です坂上	1
【予約受付中】「歳は大人子ども」年に施行される歳成年法について、成人式をきっかけにみんなで考えよう	1
【人気ランキング更新】研究所の週間売れ筋書籍トップを更新しました今年最初のランキングには猫本🐱として人気の「基礎から学ぶ 」や「ビギナーズガイド」がランクイン気になる位もランキング常連の…	1
【予約受付中】年は歳で成人式をするの成人式をきっかけにみんなで大人について考えよう知らなかったでは済まされない「歳成年法」のポイントを詳しく解説西方	1
あけましておめでとうございます池田	1
【増刷決定】なんと次で第刷👏👏👏分で作るキャッシュフロー資金繰り表［エクセルフォーム付き］月次単位と日単位に資金繰りを予測するためのエクセルフォームを…	1
【年間書籍ランキングベスト】年栄えある🔱位🔱に輝いたのはあの本だった発表はコチラ↓	1
【発売開始】検定 一問一答 ～級対応 年版 見開きの左ページに問題、右ページに正解と解説というスタイル右ページを隠しながら問題を解くという使い方ができる	1
【人気ランキング更新】研究所の週間売れ筋書籍トップを更新しました今週は新刊が続々ランクインです🎉第位にはリピーターが多い「税務・経理・人事ハンドブック」の年版そして今週の第位はあの大好評シリーズの最新刊…	1
【キャンペーンまで】年賀状の準備はお済みですか まだの方必見印刷するだけでプレミアムな枚が完成します今なら未収録のハガキデータや図書カードをプレゼント「年版 年賀状データ集  …	1
【発売】月新刊『検定 一問一答 ～級対応 年版』本章の構成は、見開きの左ページに問題、右ページに正解と解説になっています。全問を掲載。その他、…	1
【までキャンペーン実施中】年賀状を元旦に届けるには、までに投函しないといけません。でも、忙しくてまだ用意していないという人必見印刷するだけでプレミアムな枚が完成します「年版 年賀状…	1
【予約受付中】年は歳で成人式をするって本当知らなかったでは済まされない「歳成年法」のポイントをイラスト入りで詳しく解説「［図解］超早わかり歳成人と法律」西方	1
月新刊『検定 一問一答 ～級対応 年版』見本が届きました一問一答形式で、試験直前対策にぴったりの冊です。本章の構成は、見開きの左ページに問題、右ページに正解と解説になっています。全問を掲載。その他…	1
【人気ランキング更新】研究所の週間売れ筋書籍トップを更新しました今週は大好評のわかばちゃんシリーズが冊にランクイン位の「使い方入門」の勢いは止まりません👏毎週更新→	1
【キャンペーン実施中】年賀状の準備はお済みですか まだの方必見印刷するだけでプレミアムな枚が完成します今ならご購入いただいた方に、もれなく未収録のハガキデータをプレゼントまで「年版 年賀状デ…	1
【新刊情報】月新刊『経営者のための仮想通貨入門』見本が届きました 経営者のための仮想通貨の基礎知識や、仮想通貨の登場による環境の変化などについてわかりやすく解説した冊	1
【好評発売中】平成最後の年賀状は、プレミアムな一枚を送ってみてはいかがでしょうか。「年版 年賀状データ集  」キャンペーン実施中図書カードも当たるチャンス西方…	1
【ブログ更新しました】年賀状の準備はお済みですか坂上	1
【予約受付中】成年年齢が歳から歳になるって本当なの知らなかったでは済まされない「歳成年法」のポイントや今後の問題を詳しく解説「［図解］超早わかり歳成人と法律」西方…	1
【予約受付中】のなか見検索公開されました私たちの生活を支えるさまざまな電池の構造や発電の仕組みをイラスト入りで解説発売「サイエンス 世界を変える電池の科学」西方	1
【人気ランキング更新】研究所の週間売れ筋書籍トップを更新しました今週は「はじめて使う 弥生会計」がランクイン売上実績会計ソフト「弥生会計」の最新バージョンを解説しています毎年大好評の解説書シリーズです…	1
🐗🐗🐗🐗🐗🐗応募締切りまであと日🐗🐗🐗🐗🐗🐗『年版 年賀状データ集  』キャンペーン実施中キャンペーン限定の特典ファイルのダウンロードサービスを実施中。さらに抽選で…	1
【月新刊】経営者のための仮想通貨入門経営者のための仮想通貨の基礎知識や、仮想通貨の登場による環境の変化などについてわかりやすく解説した冊です。経営方針の意思決定に生かすために…	1
【キャンペーン大好評実施中】ただいまにて『年版 年賀状データ集  』をご購入いただいた方に、もれなく本書未収録の特別なハガキデータをプレゼント抽選で図書カードも当たるチャン…	1
月新刊『サイエンス 世界を変える電池の科学』見本が届きました	1
【絶賛好評発売中】年版 年賀状データ集  家族みんなで使える年賀状がたっぷり約点平成最後の年賀状な枚を送ってみません…	1
【予約受付中】発売サイエンス 世界を変える電池の科学よく使う乾電池や充電池はもちろん、シリコン太陽電池や水素燃料電池、将来有望な量子ドット太陽電池まで幅広く…	1
おー、もう着きましたかお気を付けて、楽しんできてください🐕会社犬	1
【新刊情報】月新刊『基礎からわかる 』見本が届きました	1
【新刊情報】月新刊『税務・経理・人事ハンドブック 年度版』見本が届きました	1
年月度の弊社の書籍実売ベスト位とで作るアプリケーション🌼位ビギナーズガイド― 位わかばちゃんと学ぶ 使い方入門位基礎から学ぶ …	1
【月新刊】経営者のための仮想通貨入門経営者のための仮想通貨の基礎知識や、仮想通貨の登場による環境の変化などについてわかりやすく解説した冊です。経営方針の意思決定に生かすためにも…	1
【月新刊】基礎からわかる  …の基礎はもちろん、外部ライブラリを含めた、よく使う機能を丁寧に解説 開発のために押さえておきたいポイントがわ…	1
【キャンペーン実施中】『年版 年賀状データ集  』をご購入いただいた方に、キャンペーン限定の特典ファイルのダウンロードサービスを実施中。…	1
会社犬ラッキーコマ「まこちゃんとラッキー」第話更新です	1
年月度の弊社の電子書籍売上ベスト位わかばちゃんと学ぶ使い方入門🌼位情報整理術 位基礎から学ぶ  位新人ガール使って業務プロセス改善します位わかば…	1
【人気ランキング更新】研究所の週間売れ筋書籍トップを更新しました位は「まんがでわかるランチェスターメーカー戦略［下］」ランチェスター戦略をマンガでマスターできるシリーズの最終巻菓子メーカーを舞台に営業部の主…	1
【増刷情報】わかばちゃんと学ぶ使い方入門第刷が出来上がりました＼	1
日本を守る自衛隊員のことをもっと知ってもらいたい。そんな気持ちから生まれた本がこれ。小学生でもわかる 国を守るお仕事そもそも事典   佐藤正久 …	1
何て素敵な💐✨会社犬	1
【キャンペーン実施中】ただいまにて『年版 年賀状データ集  』をご購入いただいた方に、もれなく本書未収録の特別なハガキデータをプレゼント中抽選で図書カードも当たるチャンス…	1
【キャンペーン実施中】で「年版 年賀状データ集  」をご購入いただいた方に、未収録の限定特典ハガキデータをプレゼント今から来年に向けて特別な挨拶ハガキを準備できますよしか…	1
【人気ランキング更新】研究所の週間売れ筋書籍トップを更新しました新刊冊がランクイン第位「とで作るアプリケーション」はのパッケージであるの基礎や開発環境の構築からアプリケーションの作成…	1
【キャンペーン実施中】までにて『年版 年賀状データ集  』をご購入いただいた方に、限定の特典ファイルのダウンロードサービスを実施中。さらに抽選で名様に図書カード…	1
【発売開始】はじめて使う 弥生会計 版電子書籍版も好評発売中です	1
【好評発売中】年版 年賀状データ集  世界各国で活躍する書道家矢部澄翔さんのオリジナル作品も多数収録スペシャルな一枚を大切な方へ♡	1
会社犬ラッキーコマ「まこちゃんとラッキー」第話更新です坂上	1
【人気ランキング更新】研究所の週間売れ筋書籍トップを更新しました今週は「基礎から学ぶ 」とユーザーにおすすめの「ビギナーズガイド」が揃ってランクインどちらも基本から実践までていね…	1
【速報】増刷決定超ロングセラー刷り目です⇒わかばちゃんと学ぶ 使い方入門〈、、〉   湊川 あい  さんから	1
【好評発売中】年版 年賀状データ集  ☆平成最後の年に家族写真入りの年賀状を送りませんかかんたんに作成できますサポートもいたします	1
【応募締切り】年版 年賀状データ集   …購入いただいた方限定で豪華賞品プレゼント新潟の地ワイン・お酒・蕎麦・おせんべい当たるかも	1
えーーーーーー💦会社犬	1
【発売間近】経営者のための仮想通貨入門経営者のための仮想通貨の基礎知識や、仮想通貨の登場による環境の変化などについてわかりやすく解説した冊です。経営方針の意思決定に生かすためにも…	1
【大好評発売中】年版 年賀状データ集  大感謝プライス円税ボリュームはそのままさらに読者アンケートに答えて豪華プレゼントを当てよう…	1
【予約受付開始】基礎からわかる 基礎はもちろん、外部ライブラリを含めた、よく使う機能を丁寧に解説 開発のために押さえておきたいポイントがわかる の入門に最適な冊…	1
【人気ランキング更新】研究所の週間売れ筋書籍トップを更新しました今週は新刊冊がランクイン位は「とで作るアプリケーション」。開発環境の構築からの基礎、アプリケーションの作成、公開までばっ…	1
【予約受付開始】税務・経理・人事ハンドブック 年度版見やすく、わかりやすく、便利なレイアウトで税務・会計・人事・総務・法務などの各種情報を提供	1
【予約受付開始】今すぐ使えるレシピブックのテクニックを豊富なサンプルコードで数多く解説	1
【予約受付中】のなか見検索公開されました最新バージョン弥生会計の使い方を全ページオールカラーでわかりやすく解説巻末に練習問題も付録「はじめて使う 弥生会計」西方	1
【新刊情報】月新刊『はじめて使う 弥生会計』見本が届きました 全ページオールカラーでクリックごとの操作を親切丁寧に解説	1
【新刊情報】月新刊『まんがでわかるランチェスターメーカー戦略［下］』見本が届きました ランチェスターシリーズ～巻マンガでとっても読みやすい	1
これ冊で家族みんなのほしい年賀状が揃えられます「年賀状素材集 」好評発売中です	1
猫本、是非に～😄会社犬	1
【ランキング位獲得】ビギナーズガイドアマゾンの開発技能部門で位を獲得わーいヤッター＼	1
こちらこそ、よろしくお願いしますしっかり売って行きます会社犬	1
【月度実売ベスト】位 ビギナーズガイド位 わかばちゃんと学ぶ使い方入門位 基礎から学ぶ位 わかばちゃんと学ぶ アナリティクス位 新人ガール使っ…	1
【大好評発売中】わかばちゃんと学ぶ 使い方入門アマゾンの開発技法で堂々の位にランキングパチパチパチ	1
【大好評発売中】ビギナーズガイドアマゾンの開発技法で現在位です	1
【プレゼントが当たる】たっぷりかんたん年賀状価格円税本書とプリンターさえあれば年賀状があっという間に完成します電話サポート、豪華お年玉プレゼント付き。	1
【好評発売中】とで作るアプリケーションのパッケージであるを使ってアプリケーションを作る方法を解説しています。開発環境の構築やの基礎から…	1
はい、「猫本」と呼ばれております会社犬	1
【人気ランキング更新】研究所の週間売れ筋書籍トップを更新しました今週は「基礎から学ぶ プログラミング」がランクインクロスプラットフォーム開発ツール「」とを使ったモバイルアプリ開発を詳し…	1
【予約受付中】スキャンした領収書などを自動で仕訳に変換する「スマート取引取込」の操作方法もバッチリ解説「はじめて使う 弥生会計」予約受付中西方	1
【好評発売中】年版 年賀状データ集  今年も残すところあとカ月をきりました年賀状の準備をお早めに☆	1
「はじめて使う 弥生会計」の紹介ページアップしました立ち読みページも公開中税理士からのアドバイスも随所にあるので弥生会計をはじめて使う人でも安心です西方	1
【新刊情報】『とで作るアプリケーション』見本が届きました	1
のアニメーション機能は未来を感じる😊ご来場者で技術書を書いて出版してみたい方は是正この本を	1
ただ今、の開発者 さんの基調講演中。新バージョンは劇的なパフォーマンス向上してるらしい。研究所ブース秋葉原	1
会場にて「基礎から学ぶ」をお買い上げ頂くと、先着名様に、著者のさんの手作りステッカーを差し上げます秋葉原	1
な、なんとの開発者の御一行がご来店です皆んなー、秋葉原の階に急げ	1
間もなくオープンします。研究所は入り口を入って右側のブースにおります。みなさま、文化の日、是非ともの海に乗り出しませんか	1
【年月度の研究所の電子書籍の売り上げランキング】位わかばちゃんと学ぶ 使い方入門位基礎から学ぶ 位情報整理術位新人ガール 使って業務プロセス改善…	1
ありがとうございます一般書店は月日頃、は月日頃に購入できるようになります。会社犬	1
【人気ランキング更新】研究所の週間売れ筋書籍トップを更新しました新刊「サイエンス 意外と知らないお酒の科学」がランクインお酒は飲むけど「お酒とは何か」意外と知らないのでは基礎知識からアルコールの影響、酔い…	1
皆様、 のスポンサーブースでさん作成のステッカーをご用意してお待ちしております会社犬	1
【新刊情報】月日発売とで作るアプリケーションのパッケージであるを使ってアプリケーションを作る方法を解説しています。開発環境の構築や…	1
【好評発売中】たっぷりかんたん年賀状宛名職人版毛筆フォント書体付きで、 本書とプリンターさえあれば年賀状があっという間に完成します ※「宛名職人版」対応  、…	1
【好評発売中】年版 年賀状データ集  フォーマル、おしゃれ、子ども向け、趣味向けなど盛りだくさん家族みんなで使えるデザイン初心者でも安心丁寧にサポートします…	1
【予約受付中】弥生会計の最新バージョン弥生会計の使い方を全ページオールカラーでわかりやすく解説税理士のワンポイントで捕捉しているので初心者でも安心して学べます「はじめて使う 弥生会計」西方	1
【好評発売中】横山大観や人気書道家・イラストレーターなど気鋭作家オリジナルのスペシャル年賀状も収録平成最後の年賀状はプレミアムな一枚を送ってみてはいかがでしょうか。「年版 年賀状データ集  」西方	1
【電子書籍版好評発売中】ビギナーズガイド 版 、  など、これからのにとって当たり前となる技術が詰ま…	1
【予約受付中】販売実績の会計ソフト弥生会計の最新バージョンの解説書「はじめて使う 弥生会計」予約受付中全ページオールカラーでクリックごとの操作を親切丁寧に解説西方	1
今年も年賀状素材集 が登場です会社や友人、親戚、子どもの友達宛など家族全員で使える年賀状の 画像と、組み合わせてオリジナルハガキを作れる部品画像を 約点以上収録サポートページも充実…	1
新登場の「たっぷりかんたん年賀状」ただいま予約受付中です豪華大特集であなたの欲しいすべての年賀状が 揃っています	1
【ＣＲ情報】年賀状の作者の「切り絵作家様」が 地元長野市中央郵便局にて個展を行っています。 近くの方はぜひお立ち寄りください。	1
【予約受付中】目にやさしい大活字 マンガでわかる 割の人が気がつかない保険のヒミツこれは見やすい判で文字が大きくて読みやすい目にやさしい大活字版です。	1
【好評発売中】どうしてお酒を飲みすぎると二日酔いになるのお酒が体に与える影響や酔いの仕組みが具体的にわかります新刊「サイエンス 意外と知らないお酒の科学」西方	1
【予約受付中】成年年齢が歳から歳に引き下がると「成人式」は歳で行うの「歳成年法」のポイントを詳しく解説「［図解］超早わかり歳成人と法律」西方	1
【人気ランキング更新】研究所の週間売れ筋書籍トップを更新しました今週は先行販売でも大好評だった「ビギナーズガイド」が第位の基本的な使い方から中規模以上の開発ができるノウハウと知識を解説し…	1
【好評発売中】たっぷりかんたん年賀状円さらに電話サポート、豪華お年玉プレゼント付き	1
【発売間近】とで作るアプリケーション続々とご予約をいただいていますのパッケージであるを使ってアプリケーションを作る方法を解説開発環境の構築…	1
【好評発売中】年版 年賀状データ集  家族みんなで使える年賀状がたっぷり約点欲しかったハガキがきっと見つかるはず	1
欠品にならずに倉庫にはいりましたー。これからバンバン出荷いたしますまたお会いしたいですね会社犬	1
【増刷情報】わかばちゃんと学ぶ アナリティクス〈アクセス解析・マーケティング入門〉第刷が出来上がりましたアクセス解析だけでなく、マーケティングについても丁寧に解説している冊です。…	1
【好評発売中】たっぷりかんたん年賀状 お手頃価格でボリュームたーっぷりの新しい年賀状素材集が生まれました なんと年賀状素材数点以上	1
【好評発売中】年版 年賀状データ集  家族みんなで使える高品質データを点以上収録 対応	1
【発売間近】とで作るアプリケーション◎との導入◎の基本講座◎アナリティクスを使ったアプリケーションなど基礎から、具体的なアプリケーションの作成・公開ま…	1
おー、ありがとうございます会社犬	1
【予約受付中】えっウイスキーとブランデーって何が違うのお酒に詳しくない人でもわかりやすいように、図解でお酒の素朴な疑問に答えます月新刊「サイエンス 意外と知らないお酒の科学」予約受付中西方	1
【予約受付中】とで作るアプリケーションのパッケージであるを使ってアプリケーションを作る方法を解説しています。開発環境の構築やの基礎から、具体的なアプリケーションの作成・公開まで丁寧に…	1
ただ今、本書はさんで「開発技法」カテゴリで第位、「 プログラミング」カテゴリで第位です💐🍰⇒ビギナーズガイド― ベースのフレームワークによるシングルページアプリケーション開発…	1
【はがきソフト売れ筋ランキング位】「年版 年賀状データ集  」なら点以上の素材の中から自由に選べるので、あなた好みのデザインがきっと見つかります西方…	1
【新刊情報】月新刊『サイエンス 意外と知らないお酒の科学』見本が届きました	1
ジュンク堂書店池袋本店さん、ありがとうございます技術書典であっという間に冊を完売した本です。よろしくお願いいたします。	1
実は読者様からのメッセージでも、その部分に共感される人が多いのです会社犬	1
【人気ランキング更新】研究所の週間売れ筋書籍トップを更新しました今週は新刊「まんがでわかるランチェスターメーカー戦略［中］」がランクインお菓子メーカーを舞台に主人公がランチェスター戦略を使った営業戦略でライバル…	1
【予約受付中】なか見検索公開されましたあなたは「醸造酒、蒸留酒、浸漬酒」この違いがわかりますかこの本さえ読めばあなたもお酒通月新刊「サイエンス 意外と知らないお酒の科学」予約受付中西方	1
【予約受付中】どうしてお酒を飲むと酔っぱらうのお酒に強い人と弱い人って何が違うの知っていそうで実はよく知らないお酒について科学的に解説月新刊「サイエンス 意外と知らないお酒の科学」予約受付中西方	1
「年版 年賀状データ集  」ただいま発売中家族みんなで使える年賀状がたっぷり点以上入っています特別企画では気鋭作家として矢部澄翔氏つゆこ氏ひがしかわりえ氏氏くさださや…	1
「たっぷりかんたん年賀状」本日から発売開始です大特集定番年賀状から華やか年賀状、エコ年賀状などなど大ボリュームで価格円です宛名職人版毛筆フォント書体付きで、本書とプリンターさえあれば年…	1
本書は発売前でですが、「プログラミング」カテゴリーで第位です💐⇒ビギナーズガイド― ベースのフレームワークによるシングルページアプリケーション開発   花谷 拓磨  さんから	1
【「たっぷりかんたん年賀状」予約受付中】生誕周年「横山大観年賀状」から「ゴールド年賀状」「寿ぎ写真年賀状」「趣味年賀状」「和モダン年賀状」「伊藤若冲年賀状」など高精細の絵画や写真、イラストを使った豪華年賀状が満載…	1
【「年版 年賀状データ集  」発売中】今年の特別企画は生誕周年【横山大観】年賀状とセンスあふれる【気鋭作家】スペシャル年賀状を収録さらにインターネットで注文すれば作った年賀状を印刷して自宅まで…	1
会社犬ラッキーコマ「まこちゃんとラッキー」第話更新です坂上	1
【予約受付中】成年年齢が歳から歳に引き下がると何が変わるの知らなかったでは済まされない「歳成年法」のポイントを網羅的に解説「［図解］超早わかり歳成人と法律」西方	1
【予約受付中】「たっぷりかんたん年賀状」お手頃価格で大ボリュームの大特集宛名職人版毛筆フォント書体付きで、本書とプリンターさえあれば年賀状があっという間に完成します【月日発売】	1
「年版 年賀状データ集  」ただいま発売中今年も豪華特別企画のほか、お手持ちのデジカメ写真を組み合わせて作成するデジカメ枠のデータや有名写真家が撮影した干支や富士山などの高品質素材も多数収録してい…	1
【予約受付中】甘いブドウがどうしてお酒になるの知っていそうで実はよく知らないお酒の知識から酔いのメカニズムなどお酒にまつわるすべてを科学的に解説月新刊「サイエンス 意外と知らないお酒の科学」予約受付中西方	1
【好評発売中】カバーの裏表紙をめくるとおまけイラストが登場します。人生でこんなことが起きたら保険に入っていればよかったと思うでしょう…「マンガでわかる割の人が気がつかない保険のヒミツ」西方	1
【予約受付中】★年版 年賀状データ集  ★■【約点】の高品質なデータを収録 会社や友人、親戚、子どもの友達宛など家族全員で使える年賀状の 画像と、組み合わせてオリジナルハガキを作れ…	1
【新刊情報】月新刊『まんがでわかるランチェスターメーカー戦略［中］』見本が届きました	1
リフロー型の電子書籍は、まもなくリリースします会社犬	1
おー、そうでしたか	1
新登場の「たっぷりかんたん年賀状」ただいま予約受付中です価格円なのに年賀状素材数点以上という大ボリューム。自分でイチから作りたいときに便利な部品もたっぷりはいっています。【月日発売】	1
今年も年賀状素材集 が発売しました今回の豪華特別企画②はセンスあふれる【気鋭作家】スペシャル年賀状 世界で活躍する書道家や人気イラストレーターなど、気鋭作家オリジナルのスペシャルな年賀状です。	1
【人気ランキング更新】研究所の週間売れ筋書籍トップを更新しました位は を基礎概念と導入から解説した「基礎から学ぶ 」その他昨日の 技術書典 でも大好評だった書籍が続々ランクインお越しくだ…	1
発売前ですが、さんの「プログラミング」カテゴリで第位⇒ビギナーズガイド― ベースのフレームワークによるシングルページアプリケーション開発   花谷 拓磨  さんから	1
【新刊情報】月新刊『ビギナーズガイド― ベースのフレームワークによるシングルページアプリケーション開発』見本が届きました	1
「小学生でもわかる 国を守るお仕事そもそも事典」が練馬区立図書館ホームページで紹介されました	1
ありがとうございます会社犬	1
後片付け終了本日は技術書典へお越し頂きまして、ありがとうございました。おかげさまで、ほぼほぼ完売致しました。またお会いできる日を楽しみにしております会社犬技術書典	1
「インフラエンジニアの教科書」も残り冊になりました。お早めにどうぞ技術書典	1
「インフラエンジニアの教科書」完売しました。ありがとうございました。技術書展	1
「基礎から学ぶ 」は時間前に完売しました。「インフラエンジニアの教科書」は残り冊となりました技術書展	1
先ほど、「ビギナーズガイド」の技術書展限定の先行販売分が総てが完売しました。ありがとうございました。技術書展	1
技術書展、間もなく開店ですわかばちゃんこと湊川あいショップ、Ｒ研究所ショップも準備万端です。三連休の最終日、どうぞエキサイティングな技術書展へ🏃技術書展	1
技術書典 に向けて準備進行中限定で先行発売する新刊「ビギナーズガイド」のほか「」などの大好評書籍を特別価格で販売します研究所社長が出す「出版社から商業出版する方法を出版社の社長がそっと教えま…	1
での研究所の実売ランキング年月度位 わかばちゃんと学ぶ 使い方入門位 基礎から学ぶ 位 わかばちゃんと学ぶ アナリティクス位 インフラエンジニアの教科…	1
【速報】増刷が決定しました。本書は電子書籍でも元気に売れているロングセラーです⇒わかばちゃんと学ぶ アナリティクス〈アクセス解析・マーケティング入門〉   湊川 あい  さんから	1
大ボリュームたっぷり素材でかんたんに年賀状が作れる年賀状素材集が新登場華やかなゴールド年賀状から和モダン、美麗筆文字、趣味年賀状まで特集が満載です予約受付中【月日発売】	1
今回の 技術書典 では月新刊「ビギナーズガイド ベースのフレームワークによるシングルページアプリケーション開発」を先行発売しますしかも技術書典限定で特価販売です部数に限りがありますので気にな…	1
【予約開始】年版 年賀状データ集  家族みんなで使える年賀状がたっぷり点以上入っています 特別企画や高精細写真を使った年賀状も充実しています。…	1
私は「台風一過」を大小の複数の台風が群れをなしてる「台風一家」だと勘違いしてましたｗ会社犬	1
お手頃価格でボリュームたーっぷりの新しい年賀状素材集が生まれました高精細の絵画や写真、ステキなイラストをふんだんに使った豪華大特集宛名職人版毛筆フォント書体付きで、本書とプリンターさえあれば年賀状があっと…	1
今年も年賀状素材集 が登場です家族みんなで使える高品質データを点以上収録今回の豪華特別企画①は近代日本画の巨匠、横山大観年賀状です額に入れて飾りたくなるようなお正月にぴったりの豪華年賀状を送…	1
研究所が 技術書典 で限定販売する「出版社から商業出版する方法を出版社の社長がそっと教えます」の見本が届きました本文はそもそも事典のように形式とゆるいイラストで商業出版の疑問がわかりやすい内容になっています【お…	1
【人気ランキング更新】研究所の週間売れ筋書籍トップを更新しました引き続き「ドラクエに学ぶ チームマネジメント」がランクイン大好評シリーズの沢渡先生の物語と解説に、わかばちゃんシリーズでお馴染み湊川先生のイラス…	1
研究所は 技術書典 に出店します。技術書展限定の「出版社から商業出版する方法を出版社の社長がそっと教えます」もご用意してます。業界のナイショ話もバラしちゃいますｗ是非、弊社のブースにお立ち寄りくださいませ😄会社犬…	1
【人気ランキング更新】研究所の週間売れ筋書籍トップを更新しました新刊「ドラクエに学ぶ チームマネジメント」がランクインですチーム力向上に悩む課長代理・並木舞子がドラクエからヒントを得てチームマネジメントに奮闘解説付…	1
技術書典 の頒布物情報を更新しました。できたてほやほやの新刊技術書典で先行販売や技術書典初頒布の技術書など、お得にご購入いただけます。しかも、弊社代表執筆の同人誌もありますので、ご期待ください配置は【お】です	1
会社犬も に参加します	1
なんて素敵なショット沢渡先生、ありがとうございます会社犬	1
【発売開始】ドラクエに学ぶ チームマネジメント本日よりアマゾンで発売開始ですドラクエが授けてくれた教訓を武器に、最強のチームを作ろう マネジメントの冒険にいざ出発	1
【予約受付中】とで作るアプリケーション	1
【人気ランキング更新】研究所の週間売れ筋書籍トップを更新しました絶好調わかばちゃんシリーズ「サイト制作」「使い方入門」「アナリティクス」冊がランクイン著者の湊川あい先生はまんがでわかる…	1
【予約受付中】ビギナーズガイド― ベースのフレームワークによるシングルページアプリケーション開発	1
【予約開始】『サイエンス 意外と知らないお酒の科学』お酒の基礎知識や種類から製造方法の違い、エタノールが体に与える影響や酔いのメカニズムなどお酒にまつわるすべてを科学的に解説しています。…	1
ジュンク堂 天満橋店さま、いつもありがとうございます読者の皆様、ジュンク堂天満橋店へぜひどうぞ	1
【近日発売】ドラクエに学ぶ チームマネジメントドラクエが授けてくれた教訓を武器に、最強のチームを作ろう ドラクエは、チームマネジメントのヒントの宝箱だ …	1
【人気ランキング更新】研究所の週間売れ筋書籍トップを更新しました「ブロックチェーン技術の教科書」がランクインビットコインから生まれた新たな世の中の仕組みを創出する可能性のある技術「ブロックチェーン」とそれを支える技術…	1
【新刊情報】月新刊『ドラクエに学ぶ チームマネジメント』見本が届きました	1
【おすすめ商品】『小学生でもわかる 国を守るお仕事そもそも事典』今、北海道で自衛隊が土砂崩れ現場での捜索やインフラ復旧支援を行なっています。自衛隊の仕事を学んでみませんか	1
【予約開始】とで作るアプリケーションぜひお早めにご予約を	1
【予約開始】月日発売予定チェックしてみてくださいビギナーズガイド― ベースのフレームワークによるシングルページアプリケーション開発	1
【ブログ更新しました】会社犬ラッキーコマ「まこちゃんとラッキー」第話更新です坂上	1
【通信】と全国の書店様を結ぶコミュニケーションペーパー『遊』が出来上がりました実はこれで第号目なんです毎日頑張っている書店員さんに少しでもホッとしてもらえるよう作成、配布しています。	1
【好評発売中】『マンガでわかる割の人が気がつかない保険のヒミツ』聞こえのいいキャッチコピーの裏には、しっかりと保険料に上乗せされていたり、オーバースペックの保険商品であったりとするものなのです…	1
●年月度弊社の実売ランキング位わかばちゃんと学ぶ 使い方入門←返り咲き位基礎から学ぶ 位わかばちゃんと学ぶ アナリティクス位情報整理…	1
【新刊予約受付中】ドラクエに学ぶ チームマネジメントものがたりと解説の本立てでチームマネジメントを解説しています。ドラクエにはチームマネジメントのヒントが満載ですチーム力向上に悩むリーダーにおすすめの冊です。	1
【人気ランキング更新】研究所の週間売れ筋書籍トップを更新しました電通の著者がこれからの働き方について語る「電通鬼十則の記憶 ～電通事件の批判の中で～」が第位伝説の人事部長が面接を突破する秘訣を解説した「転職必勝…	1
【好評発売中】改訂版 逆引きハンドブック困ったときに手元に置きたい開発者のための冊。開発者の必携書「やりたいこと」からの機能を探せる対応	1
【好評発売中】情報整理術、その秘密にアプローチします。使い方を知るだけでなく、なぜはネットワー…	1
ガンバ会社犬	1
ぜひ会社犬	1
ただ今、さんの「プログラミング」カテゴリで並み居る強豪の中で第位👏⇒基礎から学ぶ      さんから	1
精文館書店本店さん、いつもありがとうございます会社犬	1
【大好評発売中】マンガでわかる 割の人が気がつかない保険のヒミツ  …アマゾンのレビューでも高評化をいただいています「保険商品の本質を見抜いた良書」「マンガが面白い」「内容が…	1
【新刊情報】「改訂版 逆引きハンドブック」大好評いただいた「逆引きハンドブック」が、バージョン〜に対応して改訂しました	1
【好評発売中】転職必勝バイブル採用される履歴書・職務経歴書の書き方面接突破法あわせても見ていただくとより効果的「採用される職務経歴書・履歴書の書き方キャリアドメイ…	1
ジュンク堂池池袋本店さん、いつもありがとうございます会社犬	1
紀伊國屋書店さん、いつもありがとうございます会社犬	1
書泉ブックタワーさん、いつもありがとうございます会社犬	1
【人気ランキング更新】研究所の週間売れ筋書籍トップを更新しました新刊「電通鬼十則の記憶 ～電通事件の批判の中で～」がランクイン電通事件で批判の的になった「電通鬼十則」の意味を回顧しドイツ人の働き方を参考に「働き方改革…	1
おー、ありがとうございます会社犬	1
【増刷情報】「新人ガール使って業務プロセス改善します」第刷が出来上がりました	1
【増刷情報】「小学生でもわかる プログラミングの世界」第刷が出来上がりましたプログラミングを始める前に知っておきたい知識が満載です。	1
【増刷情報】「基礎から学ぶ 」の第刷が出来上がりました「 が楽しい 」ウェブフロントエンド界隈でこの言葉を耳にすることが増えました長谷川	1
ありがとうございます会社犬	1
【増刷情報】小学生でもわかる スマホパソコンそもそも事典の第刷が出来上がりました「そもそもインターネットって何」などわかっていそうで実はよく知らないスマホやパソコン、エクセル、ラインなどの基礎知識をイラストを豊富に使って解…	1
電通鬼十則の記憶 電通事件の批判の中で 信田和宏 シーアンドアール研究所  さんから	1
【人気ランキング更新】研究所の週間売れ筋書籍トップを更新しました先週に引き続き「転職必勝バイブル」がトップ職務経歴書のサンプルや履歴書のひな形、模擬面接用の音声データもダウンロードできるので対策がばっちりできます…	1
【新刊情報】月新刊『改訂版 逆引きハンドブック』見本が届きました	1
【人気ランキング更新】研究所の週間売れ筋書籍トップを更新しました新刊冊がランクイン位の「転職必勝バイブル」は万人以上の面接を行った「伝説の人事部長」と呼ばれる著者が、履歴書・職務経歴書の作成のポイントや面接の対…	1
